,Date,Favored Team,Underdog Team,Favored Spread,Predicted Outcome,Confidence,Vig,Over Under,Predicted Total,Over Under Vig,Over Under Bet To Take,Over Under Conf,Spread Bet To Take,Half Kelly,Quarter Kelly,Over Under H Kelly,Final Score,Spread Cover,Over Cover
0,12/10/2021,Memphis,Murray State,-10.5,Memphis Wins By 7.5,55.25%,-105,142.0,141.7,100.0,Under 142.0,56.35%,Murray State +10.5,4.1%,2.1%,3.9%,,,
1,12/10/2021,Boise State,Prairie View A&M,-16.0,Boise State Wins By 15.6,50.35%,-110,138.5,137.4,-110.0,Under 138.5,56.35%,Prairie View A&M +16.0,-2.%,-1.%,1.6%,,,
2,12/10/2021,Colorado,Milwaukee,-13.5,Colorado Wins By 9.7,51.42%,-110,133.0,137.6,-120.0,Over 133.0,56.35%,Milwaukee +13.5,-1.%,-0.%,-0.%,,,
3,12/10/2021,Furman,Appalachian State,-8.0,Furman Wins By 4.6,51.42%,-105,138.0,147.0,-110.0,Over 138.0,56.35%,Appalachian State +8.0,0.2%,0.1%,1.6%,,,
4,12/10/2021,Vermont,Brown,-3.5,Brown Wins By 2.0,51.42%,-110,130.0,127.8,-110.0,Under 130.0,56.35%,Brown +3.5,-1.%,-0.%,1.6%,,,
5,12/10/2021,North Dakota State,Cal St. Northridge,-13.0,North Dakota State Wins By 7.4,55.25%,-115,124.0,131.0,100.0,Over 124.0,53.78%,Cal St. Northridge +13.0,1.9%,0.8%,3.9%,,,
6,12/10/2021,High Point,South Carolina State,-8.0,High Point Wins By 7.2,55.25%,-110,145.0,147.9,-110.0,Over 145.0,54.76%,South Carolina State +8.0,3.0%,1.5%,1.6%,,,
7,12/10/2021,Tennessee State,IUPUI,-8.0,Tennessee State Wins By 9.3,51.42%,-110,124.5,126.3,-115.0,Over 124.5,56.35%,Tennessee State -8.0,-1.%,-0.%,0.4%,,,
8,12/09/2021,Gonzaga,Merrimack,-32.0,Gonzaga Wins By 25.2,50.35%,-110,137.5,141.8,-110.0,Over 137.5,56.35%,Merrimack +32.0,-2.%,-1.%,1.6%,80-55,1.0,0.0
9,12/09/2021,Iowa,Iowa State,-5.0,Iowa Wins By 2.5,50.35%,-110,152.0,151.0,-120.0,Under 152.0,54.06%,Iowa State +5.0,-2.%,-1.%,-0.%,53-73,1.0,1.0
10,12/09/2021,North Carolina State,Bethune Cookman,-24.0,North Carolina State Wins By 18.8,51.42%,-110,138.0,147.7,-110.0,Over 138.0,56.35%,Bethune Cookman +24.0,-1.%,-0.%,1.6%,65-48,1.0,0.0
11,12/09/2021,Colgate,Pittsburgh,-3.5,Colgate Wins By 3.4,51.42%,-110,135.5,137.9,-110.0,Over 135.5,54.06%,Pittsburgh +3.5,-1.%,-0.%,1.6%,68-71,1.0,1.0
12,12/09/2021,Arizona State,Grand Canyon,-4.0,Arizona State Wins By 1.5,55.25%,-110,131.0,135.2,-110.0,Over 131.0,56.35%,Grand Canyon +4.0,3.0%,1.5%,1.6%,67-62,0.0,0.0
13,12/09/2021,Kent State,Detroit,-6.0,Kent State Wins By 6.2,55.25%,-110,138.5,132.3,-110.0,Under 138.5,56.35%,Kent State -6.0,3.0%,1.5%,1.6%,69-52,1.0,1.0
14,12/09/2021,New Mexico,Denver,-14.0,New Mexico Wins By 9.3,51.42%,-105,144.0,146.6,-110.0,Over 144.0,56.35%,Denver +14.0,0.2%,0.1%,1.6%,87-67,0.0,1.0
15,12/09/2021,Fordham,LIU Brooklyn,-7.5,Fordham Wins By 6.1,51.42%,-115,145.0,143.0,-110.0,Under 145.0,56.35%,LIU Brooklyn +7.5,-2.%,-1.%,1.6%,73-57,0.0,1.0
16,12/09/2021,Nicholls State,Mississippi Valley State,-20.0,Nicholls State Wins By 9.6,51.42%,-110,142.5,142.0,-110.0,Under 142.5,54.06%,Mississippi Valley State +20.0,-1.%,-0.%,1.6%,95-80,1.0,0.0
17,12/08/2021,Arizona,Wyoming,-16.0,Arizona Wins By 12.7,50.35%,-115,150.5,150.4,-110.0,Under 150.5,56.35%,Wyoming +16.0,-3.%,-1.%,1.6%,94-65,0.0,0.0
18,12/08/2021,Michigan State,Minnesota,-7.0,Michigan State Wins By 3.0,50.35%,-110,135.0,128.3,-110.0,Under 135.0,54.06%,Minnesota +7.0,-2.%,-1.%,1.6%,75-67,0.0,0.0
19,12/08/2021,Ohio State,Towson,-15.0,Ohio State Wins By 10.9,55.25%,-110,136.5,134.2,-110.0,Under 136.5,56.35%,Towson +15.0,3.0%,1.5%,1.6%,85-74,1.0,0.0
20,12/08/2021,BYU,Utah State,-6.0,BYU Wins By 5.3,55.25%,-115,141.0,138.8,-110.0,Under 141.0,56.35%,Utah State +6.0,1.9%,0.8%,1.6%,82-71,0.0,0.0
21,12/08/2021,Florida,North Florida,-26.5,Florida Wins By 24.3,50.35%,-110,140.0,131.3,-105.0,Under 140.0,56.35%,North Florida +26.5,-2.%,-1.%,2.7%,85-55,0.0,1.0
22,12/08/2021,Xavier,Ball State,-18.0,Xavier Wins By 16.3,50.35%,-110,147.5,143.2,-110.0,Under 147.5,56.35%,Ball State +18.0,-2.%,-1.%,1.6%,96-50,0.0,1.0
23,12/08/2021,Virginia Tech,Cornell,-17.0,Virginia Tech Wins By 14.6,50.35%,-115,147.5,143.0,-110.0,Under 147.5,56.35%,Cornell +17.0,-3.%,-1.%,1.6%,93-60,0.0,0.0
24,12/08/2021,San Francisco,Fresno State,-9.0,San Francisco Wins By 7.0,55.25%,-110,127.5,134.5,-115.0,Over 127.5,56.35%,Fresno State +9.0,3.0%,1.5%,0.4%,71-63,1.0,1.0
25,12/08/2021,St. Bonaventure,Loyola MD,-17.0,St. Bonaventure Wins By 15.6,50.35%,-110,132.0,135.9,-120.0,Over 132.0,56.35%,Loyola MD +17.0,-2.%,-1.%,-0.%,84-71,1.0,1.0
26,12/08/2021,South Dakota State,Idaho,-21.0,South Dakota State Wins By 21.4,50.35%,-110,165.0,161.4,-115.0,Under 165.0,54.06%,South Dakota State -21.0,-2.%,-1.%,0.4%,84-98,0.0,0.0
27,12/08/2021,San Diego State,Cal St. Fullerton,-12.5,San Diego State Wins By 8.6,51.42%,-110,129.5,129.5,-115.0,Under 129.5,56.35%,Cal St. Fullerton +12.5,-1.%,-0.%,0.4%,66-56,1.0,1.0
28,12/08/2021,Drake,Nebraska Omaha,-20.0,Drake Wins By 19.7,50.35%,-110,136.0,132.7,100.0,Under 136.0,54.06%,Nebraska Omaha +20.0,-2.%,-1.%,3.9%,78-70,1.0,0.0
29,12/08/2021,Chattanooga,UNC Asheville,-7.5,Chattanooga Wins By 7.8,51.42%,-110,133.0,133.5,-120.0,Over 133.0,54.06%,Chattanooga -7.5,-1.%,-0.%,-0.%,78-73,0.0,1.0
30,12/08/2021,TCU,Utah,-3.0,Utah Wins By 1.3,55.25%,-105,134.0,128.9,-110.0,Under 134.0,54.76%,Utah +3.0,4.1%,2.1%,1.6%,76-62,0.0,0.0
31,12/08/2021,VCU,Jacksonville State,-8.5,VCU Wins By 4.4,55.25%,-110,125.5,134.9,-110.0,Over 125.5,56.35%,Jacksonville State +8.5,3.0%,1.5%,1.6%,66-52,0.0,0.0
32,12/08/2021,Kansas State,Marquette,-1.5,Kansas State Wins By 4.4,55.25%,-115,142.5,142.1,-110.0,Under 142.5,56.35%,Kansas State -1.5,1.9%,0.8%,1.6%,63-64,0.0,1.0
33,12/08/2021,SMU,Dayton,-4.0,SMU Wins By 4.2,55.25%,-115,138.0,134.4,-110.0,Under 138.0,56.35%,SMU -4.0,1.9%,0.8%,1.6%,77-69,1.0,0.0
34,12/08/2021,Buffalo,Western Kentucky,-1.5,Buffalo Wins By 1.4,51.42%,-110,154.5,157.4,-115.0,Over 154.5,54.06%,Western Kentucky +1.5,-1.%,-0.%,0.4%,77-67,0.0,0.0
35,12/08/2021,Penn State,Wagner,-8.0,Penn State Wins By 4.8,55.25%,-110,124.0,130.1,-110.0,Over 124.0,56.35%,Wagner +8.0,3.0%,1.5%,1.6%,74-54,0.0,1.0
36,12/08/2021,Colorado,Eastern Washington,-16.0,Colorado Wins By 10.9,51.42%,-115,150.0,153.6,-110.0,Over 150.0,56.35%,Eastern Washington +16.0,-2.%,-1.%,1.6%,60-57,1.0,0.0
37,12/08/2021,Hofstra,Stony Brook,-4.5,Hofstra Wins By 2.5,51.42%,-115,145.0,159.4,-110.0,Over 145.0,54.06%,Stony Brook +4.5,-2.%,-1.%,1.6%,62-79,1.0,0.0
38,12/08/2021,California,Idaho State,-13.5,California Wins By 11.0,51.42%,-110,121.0,130.9,-110.0,Over 121.0,56.35%,Idaho State +13.5,-1.%,-0.%,1.6%,72-46,0.0,0.0
39,12/08/2021,Delaware,Lafayette,-12.5,Delaware Wins By 11.3,51.42%,-105,140.5,146.2,-110.0,Over 140.5,56.35%,Lafayette +12.5,0.2%,0.1%,1.6%,68-58,1.0,0.0
40,12/08/2021,Southern Utah,Utah Valley,-6.5,Southern Utah Wins By 2.7,51.42%,-110,142.0,155.1,-110.0,Over 142.0,56.35%,Utah Valley +6.5,-1.%,-0.%,1.6%,60-56,1.0,0.0
41,12/08/2021,Boston University,UMass Lowell,-5.0,Boston University Wins By 7.2,51.42%,-110,134.0,131.6,100.0,Under 134.0,56.35%,Boston University -5.0,-1.%,-0.%,3.9%,72-62,1.0,1.0
42,12/08/2021,Fairfield,Holy Cross,-14.5,Fairfield Wins By 15.1,51.42%,-110,136.5,141.8,-110.0,Over 136.5,56.35%,Fairfield -14.5,-1.%,-0.%,1.6%,74-59,1.0,0.0
43,12/08/2021,Arkansas State,Arkansas Pine Bluff,-10.5,Arkansas State Wins By 10.2,51.42%,-110,143.0,136.4,-110.0,Under 143.0,54.06%,Arkansas Pine Bluff +10.5,-1.%,-0.%,1.6%,84-73,0.0,0.0
44,12/08/2021,Georgetown,UMBC,-6.0,Georgetown Wins By 4.5,51.42%,-110,151.5,153.6,-120.0,Over 151.5,56.35%,UMBC +6.0,-1.%,-0.%,-0.%,100-71,0.0,1.0
45,12/08/2021,Eastern Michigan,Niagara,-1.0,Niagara Wins By 1.8,51.42%,-110,137.0,141.1,-110.0,Over 137.0,54.06%,Niagara +1.0,-1.%,-0.%,1.6%,60-58,0.0,0.0
46,12/08/2021,Marist,Binghamton,-4.5,Marist Wins By 2.5,51.42%,-110,130.0,138.6,-110.0,Over 130.0,54.06%,Binghamton +4.5,-1.%,-0.%,1.6%,64-51,0.0,0.0
47,12/08/2021,Montana,Air Force,-7.5,Montana Wins By 3.9,51.42%,-110,122.5,124.3,-110.0,Over 122.5,56.35%,Air Force +7.5,-1.%,-0.%,1.6%,66-48,0.0,0.0
48,12/08/2021,Northern Kentucky,Canisius,-6.0,Northern Kentucky Wins By 7.0,51.42%,-115,140.5,137.6,-115.0,Under 140.5,56.35%,Northern Kentucky -6.0,-2.%,-1.%,0.4%,75-62,1.0,1.0
49,12/08/2021,Bryant,New Hampshire,-3.5,Bryant Wins By 0.7,57.32%,-110,138.5,136.0,-110.0,Under 138.5,56.35%,New Hampshire +3.5,5.2%,2.6%,1.6%,76-59,0.0,1.0
50,12/08/2021,Tennessee Tech,Western Carolina,-2.5,Tennessee Tech Wins By 1.8,51.42%,-110,146.0,142.8,-110.0,Under 146.0,54.06%,Western Carolina +2.5,-1.%,-0.%,1.6%,69-74,1.0,1.0
51,12/08/2021,Youngstown State,Central Michigan,-11.5,Youngstown State Wins By 11.5,51.42%,-115,144.0,137.2,-110.0,Under 144.0,56.35%,Youngstown State -11.5,-2.%,-1.%,1.6%,84-77,0.0,0.0
52,12/08/2021,Evansville,Southeast Missouri State,-1.5,Southeast Missouri State Wins By 2.3,51.42%,-115,130.5,134.9,-110.0,Over 130.5,56.35%,Southeast Missouri State +1.5,-2.%,-1.%,1.6%,73-75,1.0,1.0
53,12/08/2021,Samford,Alabama State,-6.5,Samford Wins By 3.7,51.42%,-110,154.0,148.6,-110.0,Under 154.0,54.06%,Alabama State +6.5,-1.%,-0.%,1.6%,74-64,0.0,1.0
54,12/08/2021,Texas A&M Corpus Chris,UT Rio Grande Valley,-3.5,Texas A&M Corpus Chris Wins By 4.3,51.42%,-110,152.5,145.1,-110.0,Under 152.5,56.35%,Texas A&M Corpus Chris -3.5,-1.%,-0.%,1.6%,75-69,1.0,1.0
55,12/08/2021,Dartmouth,Quinnipiac,-2.0,Dartmouth Wins By 1.4,51.42%,-110,136.0,144.9,-120.0,Over 136.0,56.35%,Quinnipiac +2.0,-1.%,-0.%,-0.%,69-72,1.0,1.0
56,12/08/2021,North Alabama,Alabama A&M,-8.5,North Alabama Wins By 6.6,65.96%,-110,134.0,135.9,-105.0,Over 134.0,56.35%,Alabama A&M +8.5,14.%,7.1%,2.7%,56-45,0.0,0.0
57,12/07/2021,Villanova,Syracuse,-8.5,Villanova Wins By 9.1,55.25%,-110,146.0,144.1,-110.0,Under 146.0,54.76%,Villanova -8.5,3.0%,1.5%,1.6%,67-53,1.0,1.0
58,12/07/2021,Kansas,UTEP,-18.0,Kansas Wins By 20.2,50.35%,-115,140.5,143.6,-110.0,Over 140.5,56.35%,Kansas -18.0,-3.%,-1.%,1.6%,78-52,1.0,0.0
59,12/07/2021,USC,Eastern Kentucky,-16.5,USC Wins By 14.1,55.25%,-110,153.0,147.5,-110.0,Under 153.0,56.35%,Eastern Kentucky +16.5,3.0%,1.5%,1.6%,80-68,1.0,1.0
60,12/07/2021,Tennessee,Texas Tech,-4.0,Tennessee Wins By 2.6,55.25%,-110,137.5,134.2,-110.0,Under 137.5,54.76%,Texas Tech +4.0,3.0%,1.5%,1.6%,52-57,1.0,1.0
61,12/07/2021,Kentucky,Southern,-30.0,Kentucky Wins By 24.2,57.32%,-110,148.0,144.8,-110.0,Under 148.0,56.35%,Southern +30.0,5.2%,2.6%,1.6%,76-64,1.0,1.0
62,12/07/2021,Michigan,Nebraska,-7.0,Michigan Wins By 4.1,50.35%,-110,139.5,143.0,-120.0,Over 139.5,54.06%,Nebraska +7.0,-2.%,-1.%,-0.%,102-67,0.0,1.0
63,12/07/2021,Oklahoma,Butler,-10.0,Oklahoma Wins By 10.2,55.25%,-115,126.5,127.3,-110.0,Over 126.5,56.35%,Oklahoma -10.0,1.9%,0.8%,1.6%,,,
64,12/07/2021,Arkansas,Charlotte,-18.5,Arkansas Wins By 12.0,51.42%,-110,145.0,146.5,100.0,Over 145.0,56.35%,Charlotte +18.5,-1.%,-0.%,3.9%,86-66,0.0,1.0
65,12/07/2021,Providence,Vermont,-6.5,Providence Wins By 7.5,51.42%,-110,128.5,128.5,-110.0,Under 128.5,56.35%,Providence -6.5,-1.%,-0.%,1.6%,68-58,1.0,1.0
66,12/07/2021,Santa Clara,Mount St. Mary's,-16.0,Santa Clara Wins By 16.3,50.35%,-110,133.5,132.1,-115.0,Under 133.5,56.35%,Santa Clara -16.0,-2.%,-1.%,0.4%,88-77,0.0,0.0
67,12/07/2021,Rhode Island,Sacred Heart,-15.5,Rhode Island Wins By 14.7,51.42%,-110,136.5,138.4,-120.0,Over 136.5,56.35%,Sacred Heart +15.5,-1.%,-0.%,-0.%,72-62,1.0,0.0
68,12/07/2021,Virginia,James Madison,-5.5,Virginia Wins By 2.0,51.42%,-110,125.5,125.6,100.0,Over 125.5,54.06%,James Madison +5.5,-1.%,-0.%,3.9%,49-52,1.0,0.0
69,12/07/2021,Boise State,Cal St. Northridge,-14.0,Boise State Wins By 9.0,51.42%,-110,125.5,124.4,-110.0,Under 125.5,54.06%,Cal St. Northridge +14.0,-1.%,-0.%,1.6%,74-48,0.0,1.0
70,12/07/2021,Vanderbilt,Temple,-8.5,Vanderbilt Wins By 6.9,51.42%,-105,133.0,131.8,-110.0,Under 133.0,56.35%,Temple +8.5,0.2%,0.1%,1.6%,68-72,1.0,0.0
71,12/07/2021,DePaul,Duquesne,-8.0,DePaul Wins By 10.7,51.42%,-110,142.0,149.2,-110.0,Over 142.0,56.35%,DePaul -8.0,-1.%,-0.%,1.6%,87-67,1.0,1.0
72,12/07/2021,Oakland,Bowling Green,-2.0,Oakland Wins By 4.0,51.42%,-110,149.0,147.9,-110.0,Under 149.0,54.06%,Oakland -2.0,-1.%,-0.%,1.6%,72-73,0.0,1.0
73,12/07/2021,Northeastern,Massachusetts,-2.0,Northeastern Wins By 5.1,51.42%,-110,140.0,138.9,-110.0,Under 140.0,56.35%,Northeastern -2.0,-1.%,-0.%,1.6%,82-76,1.0,0.0
74,12/07/2021,George Mason,Navy,-5.5,George Mason Wins By 2.8,51.42%,-110,129.5,129.7,-110.0,Over 129.5,56.35%,Navy +5.5,-1.%,-0.%,1.6%,71-65,0.0,1.0
75,12/07/2021,Furman,Winthrop,-2.0,Furman Wins By 1.8,51.42%,-110,153.5,161.2,-105.0,Over 153.5,54.06%,Winthrop +2.0,-1.%,-0.%,2.7%,80-85,1.0,1.0
76,12/07/2021,Toledo,Bradley,-5.0,Toledo Wins By 6.6,55.25%,-110,144.5,141.5,-110.0,Under 144.5,56.35%,Toledo -5.0,3.0%,1.5%,1.6%,67-65,0.0,1.0
77,12/07/2021,East Carolina,North Carolina A&T,-10.0,East Carolina Wins By 9.7,51.42%,-110,140.0,139.3,-120.0,Under 140.0,56.35%,North Carolina A&T +10.0,-1.%,-0.%,-0.%,82-71,0.0,0.0
78,12/07/2021,Tulsa,Loyola Marymount,-3.5,Tulsa Wins By 2.5,51.42%,-110,133.0,142.4,-110.0,Over 133.0,56.35%,Loyola Marymount +3.5,-1.%,-0.%,1.6%,55-60,1.0,0.0
79,12/07/2021,Tulane,College of Charleston,-4.0,Tulane Wins By 3.4,51.42%,-115,149.5,156.6,-110.0,Over 149.5,56.35%,College of Charleston +4.0,-2.%,-1.%,1.6%,72-86,1.0,1.0
80,12/07/2021,Yale,Albany,-13.0,Yale Wins By 8.8,51.42%,-110,138.5,137.8,-110.0,Under 138.5,56.35%,Albany +13.0,-1.%,-0.%,1.6%,71-52,0.0,1.0
81,12/07/2021,Northern Colorado,South Dakota,-10.0,Northern Colorado Wins By 6.5,51.42%,100,140.0,140.6,-115.0,Over 140.0,56.35%,South Dakota +10.0,1.4%,0.7%,0.4%,74-69,1.0,1.0
82,12/07/2021,Montana State,North Dakota State,-5.5,Montana State Wins By 4.9,55.25%,-110,132.5,138.5,-120.0,Over 132.5,56.35%,North Dakota State +5.5,3.0%,1.5%,-0.%,68-49,0.0,0.0
83,12/07/2021,Georgia,Jacksonville,-9.0,Georgia Wins By 6.8,51.42%,-110,130.5,138.3,-110.0,Over 130.5,53.78%,Jacksonville +9.0,-1.%,-0.%,1.6%,69-58,0.0,0.0
84,12/07/2021,Cal Baptist,North Dakota,-11.5,Cal Baptist Wins By 11.4,51.42%,-110,139.5,136.0,-110.0,Under 139.5,56.35%,North Dakota +11.5,-1.%,-0.%,1.6%,,,
85,12/07/2021,Brown,Merrimack,-2.0,Merrimack Wins By 2.2,51.42%,-110,119.5,123.7,-110.0,Over 119.5,56.35%,Merrimack +2.0,-1.%,-0.%,1.6%,76-56,0.0,1.0
86,12/07/2021,Old Dominion,William & Mary,-8.0,Old Dominion Wins By 5.9,51.42%,-105,124.0,121.6,100.0,Under 124.0,54.06%,William & Mary +8.0,0.2%,0.1%,3.9%,74-59,0.0,0.0
87,12/07/2021,Missouri,Eastern Illinois,-18.0,Missouri Wins By 11.9,51.42%,-115,126.5,125.2,-110.0,Under 126.5,56.35%,Eastern Illinois +18.0,-2.%,-1.%,1.6%,72-44,0.0,1.0
88,12/06/2021,Houston,Alcorn State,-32.5,Houston Wins By 29.2,57.32%,-110,132.5,136.9,-110.0,Over 132.5,53.78%,Alcorn State +32.5,5.2%,2.6%,1.6%,77-45,1.0,0.0
89,12/06/2021,Florida,Texas Southern,-24.0,Florida Wins By 22.1,50.35%,-110,139.0,133.8,-115.0,Under 139.0,56.35%,Texas Southern +24.0,-2.%,-1.%,0.4%,54-69,1.0,1.0
90,12/06/2021,Iowa,Illinois,-3.0,Iowa Wins By 3.7,55.25%,-110,150.5,149.2,-110.0,Under 150.5,56.35%,Iowa -3.0,3.0%,1.5%,1.6%,83-87,0.0,0.0
91,12/06/2021,New Mexico State,New Mexico,-4.0,New Mexico State Wins By 3.1,51.42%,-115,151.0,160.8,-110.0,Over 151.0,54.06%,New Mexico +4.0,-2.%,-1.%,1.6%,78-76,1.0,1.0
92,12/06/2021,Colgate,Columbia,-21.0,Colgate Wins By 19.8,51.42%,-115,148.5,143.5,-110.0,Under 148.5,56.35%,Columbia +21.0,-2.%,-1.%,1.6%,89-61,0.0,0.0
93,12/06/2021,Kent State,Towson,-6.5,Kent State Wins By 3.7,55.25%,-110,131.0,131.4,-105.0,Over 131.0,56.35%,Towson +6.5,3.0%,1.5%,2.7%,58-73,1.0,1.0
94,12/06/2021,Morehead State,Presbyterian,-10.0,Morehead State Wins By 8.3,51.42%,-110,121.5,125.3,-110.0,Over 121.5,56.35%,Presbyterian +10.0,-1.%,-0.%,1.6%,71-66,1.0,1.0
95,12/06/2021,Coastal Carolina,Mercer,-2.0,Coastal Carolina Wins By 4.6,51.42%,-110,139.5,145.3,-110.0,Over 139.5,56.35%,Coastal Carolina -2.0,-1.%,-0.%,1.6%,69-74,0.0,1.0
96,12/06/2021,The Citadel,North Carolina Central,-8.5,The Citadel Wins By 9.8,51.42%,-110,148.5,142.3,-110.0,Under 148.5,56.35%,The Citadel -8.5,-1.%,-0.%,1.6%,80-67,1.0,1.0
97,12/06/2021,Pepperdine,San Jose State,-4.5,Pepperdine Wins By 1.8,51.42%,-110,136.5,132.2,-110.0,Under 136.5,56.35%,San Jose State +4.5,-1.%,-0.%,1.6%,82-69,0.0,0.0
98,12/03/2021,Purdue,Iowa,-12.5,Purdue Wins By 10.6,50.35%,-110,159.0,161.9,-110.0,Over 159.0,56.35%,Iowa +12.5,-2.%,-1.%,1.6%,77-70,1.0,0.0
99,12/03/2021,Houston,Bryant,-23.0,Houston Wins By 24.0,50.35%,-105,142.5,137.2,-120.0,Under 142.5,56.35%,Houston -23.0,-0.%,-0.%,-0.%,111-44,1.0,0.0
100,12/03/2021,Texas,UT Rio Grande Valley,-25.5,Texas Wins By 24.8,50.35%,-110,139.5,135.9,100.0,Under 139.5,56.35%,UT Rio Grande Valley +25.5,-2.%,-1.%,3.9%,88-58,0.0,0.0
101,12/03/2021,Kansas,St. John's,-7.0,Kansas Wins By 5.9,50.35%,-110,158.0,152.8,-115.0,Under 158.0,54.06%,St. John's +7.0,-2.%,-1.%,0.4%,95-75,0.0,0.0
102,12/03/2021,Notre Dame,Boston College,-5.0,Notre Dame Wins By 1.6,50.35%,-105,131.5,126.2,-105.0,Under 131.5,54.06%,Boston College +5.0,-0.%,-0.%,2.7%,57-73,1.0,1.0
103,12/03/2021,Virginia,Pittsburgh,-13.5,Virginia Wins By 10.3,51.42%,-110,113.0,116.0,-110.0,Over 113.0,56.35%,Pittsburgh +13.5,-1.%,-0.%,1.6%,57-56,1.0,1.0
104,12/03/2021,Boise State,Tulsa,-9.5,Boise State Wins By 7.4,55.25%,-105,131.0,130.6,-110.0,Under 131.0,56.35%,Tulsa +9.5,4.1%,2.1%,1.6%,63-58,1.0,1.0
105,12/03/2021,Colgate,Northeastern,-2.5,Northeastern Wins By 2.7,55.25%,-110,134.0,136.1,-110.0,Over 134.0,56.35%,Northeastern +2.5,3.0%,1.5%,1.6%,69-74,1.0,1.0
106,12/03/2021,Furman,College of Charleston,-7.5,Furman Wins By 6.6,51.42%,-110,162.0,162.5,-110.0,Over 162.0,56.35%,College of Charleston +7.5,-1.%,-0.%,1.6%,91-88,1.0,1.0
107,12/03/2021,UC Santa Barbara,Pepperdine,-8.0,UC Santa Barbara Wins By 8.8,51.42%,-110,139.5,136.9,-110.0,Under 139.5,56.35%,UC Santa Barbara -8.0,-1.%,-0.%,1.6%,86-74,1.0,0.0
108,12/03/2021,New Mexico State,UTEP,-1.0,UTEP Wins By 2.1,51.42%,-110,135.0,143.8,-110.0,Over 135.0,56.35%,UTEP +1.0,-1.%,-0.%,1.6%,72-69,0.0,1.0
109,12/03/2021,Canisius,Fairfield,-1.0,Fairfield Wins By 1.6,51.42%,-110,143.0,154.8,-120.0,Over 143.0,54.06%,Fairfield +1.0,-1.%,-0.%,-0.%,68-74,1.0,0.0
110,12/03/2021,Portland,VMI,-4.5,Portland Wins By 3.6,51.42%,-110,145.0,138.7,-105.0,Under 145.0,56.35%,VMI +4.5,-1.%,-0.%,2.7%,82-90,1.0,0.0
111,12/03/2021,San Jose State,North Dakota,-7.0,San Jose State Wins By 8.4,51.42%,-105,136.0,134.5,-110.0,Under 136.0,56.35%,San Jose State -7.0,0.2%,0.1%,1.6%,76-51,1.0,1.0
112,12/03/2021,Cornell,Coppin State,-8.0,Cornell Wins By 6.6,65.96%,-105,161.0,154.9,-110.0,Under 161.0,56.35%,Coppin State +8.0,15.%,7.6%,1.6%,92-77,0.0,0.0
113,12/03/2021,South Florida,South Carolina State,-15.0,South Florida Wins By 9.6,51.42%,-110,131.5,137.2,-105.0,Over 131.5,56.35%,South Carolina State +15.0,-1.%,-0.%,2.7%,64-65,1.0,0.0
114,12/03/2021,Siena,Manhattan,-3.0,Siena Wins By 0.8,51.42%,-115,127.0,133.1,-110.0,Over 127.0,56.35%,Manhattan +3.0,-2.%,-1.%,1.6%,72-77,1.0,1.0
115,12/02/2021,Mississippi State,Lamar,-23.5,Mississippi State Wins By 20.5,50.35%,-105,133.0,138.0,-110.0,Over 133.0,56.35%,Lamar +23.5,-0.%,-0.%,1.6%,75-60,1.0,1.0
116,12/02/2021,Utah State,Saint Mary's,-1.0,Utah State Wins By 3.6,55.25%,-115,128.5,134.8,-110.0,Over 128.5,56.35%,Utah State -1.0,1.9%,0.8%,1.6%,58-60,0.0,0.0
117,12/02/2021,Drake,Valparaiso,-13.5,Drake Wins By 10.3,51.42%,-110,132.0,132.6,-120.0,Over 132.0,56.35%,Valparaiso +13.5,-1.%,-0.%,-0.%,73-66,1.0,1.0
118,12/02/2021,Belmont,Lipscomb,-15.0,Belmont Wins By 9.9,55.25%,-110,150.0,146.6,-110.0,Under 150.0,56.35%,Lipscomb +15.0,3.0%,1.5%,1.6%,94-65,0.0,0.0
119,12/02/2021,TCU,Oral Roberts,-8.5,TCU Wins By 9.3,51.42%,-110,146.5,142.0,-115.0,Under 146.5,56.35%,TCU -8.5,-1.%,-0.%,0.4%,71-63,0.0,1.0
120,12/02/2021,Grand Canyon,UTSA,-14.5,Grand Canyon Wins By 15.1,51.42%,-105,135.0,134.4,-105.0,Under 135.0,56.35%,Grand Canyon -14.5,0.2%,0.1%,2.7%,74-71,0.0,0.0
121,12/02/2021,California,Oregon State,-2.5,California Wins By 5.1,51.42%,-105,126.0,129.9,-115.0,Over 126.0,56.35%,California -2.5,0.2%,0.1%,0.4%,73-61,1.0,1.0
122,12/02/2021,Cleveland State,Northern Kentucky,-4.0,Cleveland State Wins By 5.1,55.25%,-110,133.5,137.0,-110.0,Over 133.5,56.35%,Cleveland State -4.0,3.0%,1.5%,1.6%,72-58,1.0,0.0
123,12/02/2021,Southern Utah,Eastern Washington,-6.0,Southern Utah Wins By 2.7,51.42%,-110,155.0,158.9,-110.0,Over 155.0,54.06%,Eastern Washington +6.0,-1.%,-0.%,1.6%,89-76,0.0,1.0
124,12/02/2021,Delaware,Delaware State,-17.0,Delaware Wins By 9.8,51.42%,-110,147.0,145.3,-110.0,Under 147.0,54.06%,Delaware State +17.0,-1.%,-0.%,1.6%,59-48,1.0,1.0
125,12/02/2021,Towson,LIU Brooklyn,-10.5,Towson Wins By 8.7,51.42%,-110,143.5,136.1,-120.0,Under 143.5,56.35%,LIU Brooklyn +10.5,-1.%,-0.%,-0.%,72-63,1.0,1.0
126,12/02/2021,Northern Colorado,Montana State,-2.5,Northern Colorado Wins By 3.9,51.42%,-105,141.5,140.8,-110.0,Under 141.5,56.35%,Northern Colorado -2.5,0.2%,0.1%,1.6%,77-75,0.0,0.0
127,12/02/2021,Cal Baptist,Cal Poly,-10.0,Cal Baptist Wins By 8.1,51.42%,-110,133.5,131.8,-110.0,Under 133.5,56.35%,Cal Poly +10.0,-1.%,-0.%,1.6%,64-55,1.0,1.0
128,12/02/2021,Drexel,Fairleigh Dickinson,-14.0,Drexel Wins By 9.4,51.42%,-110,143.5,141.8,-120.0,Under 143.5,56.35%,Fairleigh Dickinson +14.0,-1.%,-0.%,-0.%,86-65,0.0,0.0
129,12/02/2021,Montana,Sacramento State,-5.0,Montana Wins By 1.5,51.42%,100,130.5,142.5,-115.0,Over 130.5,54.06%,Sacramento State +5.0,1.4%,0.7%,0.4%,65-58,0.0,0.0
130,12/02/2021,Idaho State,Portland State,-5.5,Portland State Wins By 1.5,57.32%,-110,131.5,141.2,-115.0,Over 131.5,53.78%,Portland State +5.5,5.2%,2.6%,0.4%,55-63,1.0,0.0
131,12/02/2021,UC San Diego,Eastern Michigan,-7.0,UC San Diego Wins By 6.0,51.42%,-115,142.0,147.5,-115.0,Over 142.0,56.35%,Eastern Michigan +7.0,-2.%,-1.%,0.4%,83-74,0.0,1.0
132,12/02/2021,Milwaukee,Youngstown State,-4.5,Milwaukee Wins By 3.5,51.42%,-110,136.0,134.5,-110.0,Under 136.0,56.35%,Youngstown State +4.5,-1.%,-0.%,1.6%,68-70,1.0,0.0
133,12/02/2021,Jacksonville,Charleston Southern,-3.0,Jacksonville Wins By 3.9,51.42%,-110,137.0,139.7,-110.0,Over 137.0,54.06%,Jacksonville -3.0,-1.%,-0.%,1.6%,67-56,1.0,0.0
134,12/02/2021,Green Bay,Robert Morris,-2.0,Green Bay Wins By 1.3,51.42%,-110,133.5,140.3,-120.0,Over 133.5,56.35%,Robert Morris +2.0,-1.%,-0.%,-0.%,70-58,0.0,0.0
135,12/01/2021,Villanova,Penn,-18.0,Villanova Wins By 13.8,50.35%,-110,138.0,140.0,-110.0,Over 138.0,54.06%,Penn +18.0,-2.%,-1.%,1.6%,71-56,1.0,0.0
136,12/01/2021,Florida,Oklahoma,-1.0,Florida Wins By 2.4,50.35%,-110,135.5,130.3,-115.0,Under 135.5,54.06%,Florida -1.0,-2.%,-1.%,0.4%,67-74,0.0,0.0
137,12/01/2021,Memphis,Georgia,-11.5,Memphis Wins By 12.7,50.35%,-110,142.5,142.9,-110.0,Over 142.5,54.06%,Memphis -11.5,-2.%,-1.%,1.6%,79-82,0.0,1.0
138,12/01/2021,USC,Utah,-7.5,USC Wins By 9.3,55.25%,-105,135.0,131.5,100.0,Under 135.0,56.35%,USC -7.5,4.1%,2.1%,3.9%,93-73,1.0,0.0
139,12/01/2021,Michigan,North Carolina,-2.5,Michigan Wins By 2.2,50.35%,-110,151.5,144.6,-105.0,Under 151.5,54.06%,North Carolina +2.5,-2.%,-1.%,2.7%,51-72,1.0,1.0
140,12/01/2021,Auburn,UCF,-10.5,Auburn Wins By 7.1,55.25%,-105,140.0,136.6,100.0,Under 140.0,56.35%,UCF +10.5,4.1%,2.1%,3.9%,85-68,0.0,0.0
141,12/01/2021,Maryland,Virginia Tech,-1.0,Virginia Tech Wins By 2.2,50.35%,-105,132.0,129.7,-110.0,Under 132.0,54.06%,Virginia Tech +1.0,-0.%,-0.%,1.6%,58-62,1.0,1.0
142,12/01/2021,Michigan State,Louisville,-3.5,Michigan State Wins By 4.4,55.25%,-110,135.5,135.8,-110.0,Over 135.5,56.35%,Michigan State -3.5,3.0%,1.5%,1.6%,73-64,1.0,1.0
143,12/01/2021,BYU,Utah Valley,-13.5,BYU Wins By 8.0,50.35%,-110,137.5,135.6,-105.0,Under 137.5,54.06%,Utah Valley +13.5,-2.%,-1.%,2.7%,65-72,1.0,1.0
144,12/01/2021,Xavier,Central Michigan,-25.0,Xavier Wins By 26.0,50.35%,-110,143.5,134.8,-110.0,Under 143.5,56.35%,Xavier -25.0,-2.%,-1.%,1.6%,78-45,1.0,1.0
145,12/01/2021,Oklahoma State,Wichita State,-6.0,Oklahoma State Wins By 7.0,55.25%,-105,134.5,137.7,-110.0,Over 134.5,56.35%,Oklahoma State -6.0,4.1%,2.1%,1.6%,51-60,0.0,0.0
146,12/01/2021,Arkansas,Central Arkansas,-33.0,Arkansas Wins By 26.5,50.35%,-110,152.5,144.3,-110.0,Under 152.5,56.35%,Central Arkansas +33.0,-2.%,-1.%,1.6%,97-60,0.0,0.0
147,12/01/2021,St. Bonaventure,Coppin State,-25.0,St. Bonaventure Wins By 20.7,50.35%,-110,139.5,136.3,-120.0,Under 139.5,56.35%,Coppin State +25.0,-2.%,-1.%,-0.%,93-81,1.0,0.0
148,12/01/2021,Cincinnati,Miami OH,-3.5,Cincinnati Wins By 1.8,51.42%,-110,138.0,139.2,100.0,Over 138.0,54.06%,Miami OH +3.5,-1.%,-0.%,3.9%,59-58,1.0,0.0
149,12/01/2021,Texas Tech,Providence,-2.5,Providence Wins By 1.6,55.25%,-110,136.0,139.3,-110.0,Over 136.0,56.35%,Providence +2.5,3.0%,1.5%,1.6%,68-72,1.0,1.0
150,12/01/2021,UAB,East Tennessee State,-11.5,UAB Wins By 7.8,55.25%,-110,136.0,134.7,-115.0,Under 136.0,56.35%,East Tennessee State +11.5,3.0%,1.5%,0.4%,70-56,0.0,1.0
151,12/01/2021,Oregon,UC Riverside,-12.5,Oregon Wins By 6.9,55.25%,-110,128.5,121.8,100.0,Under 128.5,56.35%,UC Riverside +12.5,3.0%,1.5%,3.9%,71-65,1.0,0.0
152,12/01/2021,Colorado State,Little Rock,-20.5,Colorado State Wins By 20.4,50.35%,-105,147.5,143.1,100.0,Under 147.5,56.35%,Little Rock +20.5,-0.%,-0.%,3.9%,86-55,0.0,1.0
153,12/01/2021,Rhode Island,Harvard,-2.5,Rhode Island Wins By 3.4,51.42%,-110,141.0,140.8,-120.0,Under 141.0,54.06%,Rhode Island -2.5,-1.%,-0.%,-0.%,64-57,1.0,1.0
154,12/01/2021,Richmond,Wofford,-3.5,Richmond Wins By 2.2,51.42%,-110,146.5,146.5,-110.0,Over 146.5,54.06%,Wofford +3.5,-1.%,-0.%,1.6%,73-64,0.0,0.0
155,12/01/2021,Missouri State,Illinois State,-7.0,Missouri State Wins By 8.0,51.42%,-105,148.5,166.5,100.0,Over 148.5,54.06%,Missouri State -7.0,0.2%,0.1%,3.9%,74-79,0.0,1.0
156,12/01/2021,Iowa State,Arkansas Pine Bluff,-27.5,Iowa State Wins By 25.4,57.32%,-110,138.5,137.3,-110.0,Under 138.5,56.35%,Arkansas Pine Bluff +27.5,5.2%,2.6%,1.6%,83-64,1.0,0.0
157,12/01/2021,Penn State,Miami FL,-3.0,Penn State Wins By 4.4,55.25%,-105,133.5,140.9,-110.0,Over 133.5,56.35%,Penn State -3.0,4.1%,2.1%,1.6%,58-63,0.0,0.0
158,12/01/2021,North Carolina State,Nebraska,-6.5,North Carolina State Wins By 4.2,55.25%,-110,147.0,146.3,-115.0,Under 147.0,56.35%,Nebraska +6.5,3.0%,1.5%,0.4%,104-100,1.0,0.0
159,12/01/2021,Kansas State,Albany,-17.5,Kansas State Wins By 13.2,51.42%,-120,131.0,132.9,-110.0,Over 131.0,56.35%,Albany +17.5,-3.%,-1.%,1.6%,71-43,0.0,0.0
160,12/01/2021,Iona,Marist,-8.5,Iona Wins By 3.2,51.42%,-105,134.0,145.1,-105.0,Over 134.0,54.06%,Marist +8.5,0.2%,0.1%,2.7%,78-71,1.0,1.0
161,12/01/2021,Navy,William & Mary,-11.5,Navy Wins By 19.9,57.32%,-110,131.0,131.5,-105.0,Over 131.0,56.35%,Navy -11.5,5.2%,2.6%,2.7%,75-56,1.0,1.0
162,12/01/2021,SMU,UNLV,-8.5,SMU Wins By 7.1,55.25%,-110,139.0,137.2,-110.0,Under 139.0,56.35%,UNLV +8.5,3.0%,1.5%,1.6%,83-64,0.0,0.0
163,12/01/2021,Vermont,Dartmouth,-12.0,Vermont Wins By 11.2,57.32%,-110,122.0,123.9,-120.0,Over 122.0,56.35%,Dartmouth +12.0,5.2%,2.6%,-0.%,83-65,0.0,1.0
164,12/01/2021,Fresno State,San Diego,-4.5,Fresno State Wins By 4.3,55.25%,-110,127.5,125.3,-105.0,Under 127.5,56.35%,San Diego +4.5,3.0%,1.5%,2.7%,63-43,0.0,1.0
165,12/01/2021,South Carolina,Coastal Carolina,-5.5,South Carolina Wins By 3.0,51.42%,-115,143.0,134.5,-110.0,Under 143.0,54.06%,Coastal Carolina +5.5,-2.%,-1.%,1.6%,56-80,1.0,1.0
166,12/01/2021,Seattle,McNeese State,-14.5,Seattle Wins By 16.5,57.32%,-115,147.0,144.5,-110.0,Under 147.0,56.35%,Seattle -14.5,4.1%,2.1%,1.6%,78-62,1.0,1.0
167,12/01/2021,Dayton,Alabama State,-19.5,Dayton Wins By 13.5,51.42%,-105,136.5,142.8,-110.0,Over 136.5,56.35%,Alabama State +19.5,0.2%,0.1%,1.6%,93-54,0.0,1.0
168,12/01/2021,Yale,Lehigh,-11.5,Yale Wins By 10.3,51.42%,-110,141.5,137.6,-110.0,Under 141.5,56.35%,Lehigh +11.5,-1.%,-0.%,1.6%,82-72,1.0,0.0
169,12/01/2021,Boston University,George Washington,-2.0,Boston University Wins By 4.1,51.42%,-115,133.5,137.0,-105.0,Over 133.5,54.06%,Boston University -2.0,-2.%,-1.%,2.7%,56-54,1.0,0.0
170,12/01/2021,Morehead State,Georgia Southern,-5.5,Morehead State Wins By 3.9,51.42%,-115,126.5,129.7,100.0,Over 126.5,56.35%,Georgia Southern +5.5,-2.%,-1.%,3.9%,59-51,0.0,0.0
171,12/01/2021,Marshall,Akron,-1.5,Akron Wins By 1.7,55.25%,-105,151.5,145.3,-110.0,Under 151.5,56.35%,Akron +1.5,4.1%,2.1%,1.6%,86-88,1.0,0.0
172,12/01/2021,Southern Illinois,Evansville,-2.5,Southern Illinois Wins By 1.6,51.42%,-110,121.0,120.8,-110.0,Under 121.0,54.06%,Evansville +2.5,-1.%,-0.%,1.6%,54-52,1.0,1.0
173,12/01/2021,Stony Brook,American,-8.5,Stony Brook Wins By 10.0,51.42%,-105,139.0,151.3,-110.0,Over 139.0,56.35%,Stony Brook -8.5,0.2%,0.1%,1.6%,80-57,1.0,0.0
174,12/01/2021,FIU,Florida Gulf Coast,-3.0,Florida Gulf Coast Wins By 1.6,51.42%,-110,141.5,142.3,-105.0,Over 141.5,54.06%,Florida Gulf Coast +3.0,-1.%,-0.%,2.7%,77-61,0.0,0.0
175,12/01/2021,Temple,La Salle,-7.0,Temple Wins By 7.2,51.42%,-110,135.0,141.1,-110.0,Over 135.0,56.35%,Temple -7.0,-1.%,-0.%,1.6%,73-57,1.0,0.0
176,12/01/2021,South Alabama,Southern Miss,-6.5,South Alabama Wins By 5.7,51.42%,-110,136.0,134.2,-110.0,Under 136.0,56.35%,Southern Miss +6.5,-1.%,-0.%,1.6%,85-55,0.0,0.0
177,12/01/2021,Middle Tennessee,Tennessee Martin,-10.5,Middle Tennessee Wins By 14.5,51.42%,-110,141.0,138.3,-110.0,Under 141.0,56.35%,Middle Tennessee -10.5,-1.%,-0.%,1.6%,73-61,1.0,1.0
178,12/01/2021,Florida Atlantic,Stetson,-7.0,Florida Atlantic Wins By 6.1,55.25%,-110,137.5,139.4,-110.0,Over 137.5,56.35%,Stetson +7.0,3.0%,1.5%,1.6%,83-73,0.0,1.0
179,12/01/2021,Fordham,St. Francis NY,-7.5,Fordham Wins By 6.7,51.42%,-110,137.5,144.8,-115.0,Over 137.5,56.35%,St. Francis NY +7.5,-1.%,-0.%,0.4%,68-46,0.0,0.0
180,12/01/2021,UC Davis,Pacific,-3.0,UC Davis Wins By 1.0,51.42%,-110,135.0,140.4,-110.0,Over 135.0,56.35%,Pacific +3.0,-1.%,-0.%,1.6%,63-57,0.0,0.0
181,12/01/2021,Duquesne,Bowling Green,-4.5,Duquesne Wins By 3.6,51.42%,-110,145.5,151.3,-110.0,Over 145.5,56.35%,Bowling Green +4.5,-1.%,-0.%,1.6%,70-78,1.0,1.0
182,12/01/2021,UMBC,Columbia,-13.0,UMBC Wins By 12.4,51.42%,-105,145.5,147.3,-110.0,Over 145.5,56.35%,Columbia +13.0,0.2%,0.1%,1.6%,98-60,0.0,1.0
183,12/01/2021,Mercer,Kennesaw State,-3.5,Kennesaw State Wins By 2.0,51.42%,-105,142.0,144.6,-110.0,Over 142.0,56.35%,Kennesaw State +3.5,0.2%,0.1%,1.6%,73-71,1.0,1.0
184,12/01/2021,UNC Asheville,The Citadel,-3.0,UNC Asheville Wins By 2.4,57.32%,100,153.5,149.2,-110.0,Under 153.5,56.35%,The Citadel +3.0,7.3%,3.6%,1.6%,65-58,0.0,1.0
185,12/01/2021,North Alabama,Mississippi Valley State,-21.5,North Alabama Wins By 14.3,51.42%,-110,141.5,142.7,-110.0,Over 141.5,56.35%,Mississippi Valley State +21.5,-1.%,-0.%,1.6%,72-58,1.0,0.0
186,12/01/2021,Northern Illinois,Eastern Illinois,-6.5,Northern Illinois Wins By 7.1,51.42%,-110,129.0,123.2,-115.0,Under 129.0,56.35%,Northern Illinois -6.5,-1.%,-0.%,0.4%,55-45,1.0,1.0
187,12/01/2021,USC Upstate,North Carolina Central,-2.0,USC Upstate Wins By 2.4,51.42%,-105,139.0,143.9,100.0,Over 139.0,56.35%,USC Upstate -2.0,0.2%,0.1%,3.9%,65-67,0.0,0.0
188,11/30/2021,Purdue,Florida State,-11.0,Purdue Wins By 9.1,55.25%,-105,142.5,146.6,-110.0,Over 142.5,56.35%,Florida State +11.0,4.1%,2.1%,1.6%,93-65,0.0,1.0
189,11/30/2021,Houston,Northwestern State,-32.0,Houston Wins By 30.2,50.35%,-110,137.0,128.2,100.0,Under 137.0,56.35%,Northwestern State +32.0,-2.%,-1.%,3.9%,99-58,0.0,0.0
190,11/30/2021,Connecticut,Maryland Eastern Shore,-35.0,Connecticut Wins By 29.5,50.35%,-110,134.5,148.3,-105.0,Over 134.5,56.35%,Maryland Eastern Shore +35.0,-2.%,-1.%,2.7%,72-63,1.0,1.0
191,11/30/2021,Indiana,Syracuse,-2.5,Indiana Wins By 4.4,50.35%,-110,147.0,144.8,-115.0,Under 147.0,54.06%,Indiana -2.5,-2.%,-1.%,0.4%,110-112,0.0,0.0
192,11/30/2021,Tennessee,Presbyterian,-24.0,Tennessee Wins By 18.9,50.35%,-110,130.0,139.0,-115.0,Over 130.0,56.35%,Presbyterian +24.0,-2.%,-1.%,0.4%,86-44,0.0,1.0
193,11/30/2021,Duke,Ohio State,-2.0,Ohio State Wins By 1.2,55.25%,-115,146.5,148.6,-120.0,Over 146.5,56.35%,Ohio State +2.0,1.9%,0.8%,-0.%,66-71,1.0,0.0
194,11/30/2021,San Diego State,Long Beach State,-20.5,San Diego State Wins By 17.9,50.35%,-105,137.0,141.4,-110.0,Over 137.0,56.35%,Long Beach State +20.5,-0.%,-0.%,1.6%,72-47,0.0,0.0
195,11/30/2021,South Dakota State,Prairie View A&M,-17.0,South Dakota State Wins By 18.3,50.35%,-110,160.5,149.8,100.0,Under 160.5,56.35%,South Dakota State -17.0,-2.%,-1.%,3.9%,99-90,0.0,0.0
196,11/30/2021,Boise State,Saint Louis,-3.0,Boise State Wins By 4.7,55.25%,-105,136.0,129.5,-110.0,Under 136.0,56.35%,Boise State -3.0,4.1%,2.1%,1.6%,82-86,0.0,0.0
197,11/30/2021,Santa Clara,Hawaii,-12.0,Santa Clara Wins By 10.7,51.42%,-110,146.0,144.0,-110.0,Under 146.0,56.35%,Hawaii +12.0,-1.%,-0.%,1.6%,70-58,1.0,1.0
198,11/30/2021,Texas A&M,New Orleans,-15.5,Texas A&M Wins By 11.5,51.42%,-110,137.5,142.8,-110.0,Over 137.5,56.35%,New Orleans +15.5,-1.%,-0.%,1.6%,85-65,0.0,1.0
199,11/30/2021,New Mexico State,New Mexico,-10.5,New Mexico State Wins By 10.6,51.42%,-105,145.5,148.2,-110.0,Over 145.5,56.35%,New Mexico State -10.5,0.2%,0.1%,1.6%,94-101,0.0,1.0
200,11/30/2021,Nevada,Pepperdine,-15.0,Nevada Wins By 10.6,51.42%,-105,149.0,146.7,-110.0,Under 149.0,56.35%,Pepperdine +15.0,0.2%,0.1%,1.6%,79-66,1.0,1.0
201,11/30/2021,Chattanooga,Tennessee Tech,-4.5,Chattanooga Wins By 4.1,51.42%,-110,131.5,123.1,-115.0,Under 131.5,54.06%,Tennessee Tech +4.5,-1.%,-0.%,0.4%,82-65,0.0,0.0
202,11/30/2021,Minnesota,Pittsburgh,-2.5,Minnesota Wins By 5.5,51.42%,-110,128.0,132.7,-110.0,Over 128.0,54.06%,Minnesota -2.5,-1.%,-0.%,1.6%,54-53,0.0,0.0
203,11/30/2021,Marquette,Jackson State,-17.5,Marquette Wins By 9.8,51.42%,-110,136.5,140.8,-110.0,Over 136.5,56.35%,Jackson State +17.5,-1.%,-0.%,1.6%,83-54,0.0,1.0
204,11/30/2021,Creighton,North Dakota State,-8.0,Creighton Wins By 7.7,55.25%,-110,137.0,134.9,-110.0,Under 137.0,56.35%,North Dakota State +8.0,3.0%,1.5%,1.6%,80-55,0.0,1.0
205,11/30/2021,Furman,High Point,-9.5,Furman Wins By 4.7,51.42%,-110,142.5,146.9,-110.0,Over 142.5,54.06%,High Point +9.5,-1.%,-0.%,1.6%,74-70,1.0,1.0
206,11/30/2021,East Carolina,Old Dominion,-6.0,East Carolina Wins By 7.1,51.42%,-110,127.5,134.7,-115.0,Over 127.5,56.35%,East Carolina -6.0,-1.%,-0.%,0.4%,63-62,0.0,0.0
207,11/30/2021,Davidson,Charlotte,-4.0,Charlotte Wins By 1.7,51.42%,-115,130.5,142.4,-110.0,Over 130.5,56.35%,Charlotte +4.0,-2.%,-1.%,1.6%,75-58,0.0,1.0
208,11/30/2021,Delaware,LIU Brooklyn,-10.5,Delaware Wins By 8.1,51.42%,-110,150.0,149.5,-110.0,Under 150.0,56.35%,LIU Brooklyn +10.5,-1.%,-0.%,1.6%,75-67,1.0,1.0
209,11/30/2021,Georgetown,Longwood,-9.0,Georgetown Wins By 2.6,51.42%,-110,136.5,134.0,-110.0,Under 136.5,56.35%,Longwood +9.0,-1.%,-0.%,1.6%,91-83,1.0,0.0
210,11/30/2021,Rice,Texas State,-3.0,Rice Wins By 1.0,51.42%,-110,140.0,151.6,-110.0,Over 140.0,56.35%,Texas State +3.0,-1.%,-0.%,1.6%,69-80,1.0,1.0
211,11/30/2021,UNC Greensboro,Elon,-3.5,UNC Greensboro Wins By 6.0,51.42%,-115,126.0,140.4,-115.0,Over 126.0,56.35%,UNC Greensboro -3.5,-2.%,-1.%,0.4%,74-61,1.0,1.0
212,11/30/2021,San Jose State,South Dakota,-3.0,San Jose State Wins By 1.1,51.42%,-110,136.0,138.5,-115.0,Over 136.0,56.35%,South Dakota +3.0,-1.%,-0.%,0.4%,61-52,0.0,0.0
213,11/29/2021,Gonzaga,Tarleton State,-31.0,Gonzaga Wins By 25.6,50.35%,-105,137.5,142.4,-110.0,Over 137.5,56.35%,Tarleton State +31.0,-0.%,-0.%,1.6%,,,
214,11/29/2021,Texas,Sam Houston State,-21.0,Texas Wins By 21.2,50.35%,-115,129.0,124.1,-115.0,Under 129.0,56.35%,Texas -21.0,-3.%,-1.%,0.4%,,,
215,11/29/2021,Kentucky,Central Michigan,-31.5,Kentucky Wins By 29.6,57.32%,100,148.5,142.4,-105.0,Under 148.5,56.35%,Central Michigan +31.5,7.3%,3.6%,2.7%,,,
216,11/29/2021,Illinois,Notre Dame,-5.0,Illinois Wins By 6.3,55.25%,-115,141.5,132.6,-110.0,Under 141.5,56.35%,Illinois -5.0,1.9%,0.8%,1.6%,,,
217,11/29/2021,Saint Mary's,UC Riverside,-10.0,Saint Mary's Wins By 8.5,51.42%,-110,119.5,130.1,-120.0,Over 119.5,56.35%,UC Riverside +10.0,-1.%,-0.%,-0.%,,,
218,11/29/2021,Oregon,Montana,-13.0,Oregon Wins By 7.6,55.25%,-110,131.0,127.8,-110.0,Under 131.0,56.35%,Montana +13.0,3.0%,1.5%,1.6%,,,
219,11/29/2021,Vanderbilt,Mississippi Valley State,-37.5,Vanderbilt Wins By 26.7,57.32%,-105,144.0,147.5,-110.0,Over 144.0,56.35%,Mississippi Valley State +37.5,6.3%,3.1%,1.6%,,,
220,11/29/2021,Colgate,Niagara,-11.0,Colgate Wins By 11.2,51.42%,-110,138.0,145.9,-110.0,Over 138.0,56.35%,Colgate -11.0,-1.%,-0.%,1.6%,,,
221,11/29/2021,TCU,Austin Peay,-16.5,TCU Wins By 13.4,51.42%,-115,136.5,134.4,-110.0,Under 136.5,56.35%,Austin Peay +16.5,-2.%,-1.%,1.6%,,,
222,11/29/2021,UC Santa Barbara,UT Arlington,-12.5,UC Santa Barbara Wins By 15.3,57.32%,100,136.5,131.5,-110.0,Under 136.5,53.78%,UC Santa Barbara -12.5,7.3%,3.6%,1.6%,,,
223,11/29/2021,Boston College,South Florida,-6.5,Boston College Wins By 9.8,51.42%,-110,119.5,129.4,-110.0,Over 119.5,53.78%,Boston College -6.5,-1.%,-0.%,1.6%,,,
224,11/29/2021,Appalachian State,Hartford,-8.5,Appalachian State Wins By 8.6,51.42%,-110,129.5,131.2,-110.0,Over 129.5,56.35%,Appalachian State -8.5,-1.%,-0.%,1.6%,,,
225,11/29/2021,Oral Roberts,Tulsa,-2.0,Oral Roberts Wins By 0.8,51.42%,-110,143.5,160.6,-110.0,Over 143.5,56.35%,Tulsa +2.0,-1.%,-0.%,1.6%,,,
226,11/29/2021,Canisius,Cornell,-3.0,Canisius Wins By 3.7,51.42%,-110,155.5,159.1,-110.0,Over 155.5,56.35%,Canisius -3.0,-1.%,-0.%,1.6%,,,
227,11/29/2021,Norfolk State,Grambling State,-4.5,Norfolk State Wins By 2.5,57.32%,-110,138.5,139.8,-110.0,Over 138.5,54.76%,Grambling State +4.5,5.2%,2.6%,1.6%,,,
228,11/29/2021,Morgan State,Hampton,-4.0,Morgan State Wins By 4.3,55.25%,-110,147.0,140.3,-110.0,Under 147.0,54.76%,Morgan State -4.0,3.0%,1.5%,1.6%,,,
229,11/29/2021,Lafayette,Columbia,-1.0,Columbia Wins By 1.7,51.42%,-105,138.5,148.0,-110.0,Over 138.5,56.35%,Columbia +1.0,0.2%,0.1%,1.6%,,,
230,11/28/2021,Kansas,Iona,-14.0,Kansas Wins By 9.6,55.25%,-105,145.5,142.8,-110.0,Under 145.5,54.76%,Iona +14.0,4.1%,2.1%,1.6%,96-83,1.0,0.0
231,11/28/2021,Villanova,La Salle,-18.5,Villanova Wins By 12.6,50.35%,-105,138.0,138.3,-110.0,Over 138.0,54.06%,La Salle +18.5,-0.%,-0.%,1.6%,72-46,0.0,0.0
232,11/28/2021,Alabama,Miami FL,-9.5,Alabama Wins By 7.8,55.25%,-110,152.0,146.8,-115.0,Under 152.0,54.76%,Miami FL +9.5,3.0%,1.5%,0.4%,96-64,0.0,0.0
233,11/28/2021,Arkansas,Penn,-18.5,Arkansas Wins By 14.7,50.35%,-110,149.0,142.1,-110.0,Under 149.0,56.35%,Penn +18.5,-2.%,-1.%,1.6%,76-60,1.0,1.0
234,11/28/2021,Belmont,Dayton,-3.0,Belmont Wins By 5.5,55.25%,-110,145.5,141.7,-110.0,Under 145.5,54.76%,Belmont -3.0,3.0%,1.5%,1.6%,61-63,0.0,1.0
235,11/28/2021,SMU,Louisiana Monroe,-16.0,SMU Wins By 12.8,51.42%,-115,147.5,152.0,100.0,Over 147.5,56.35%,Louisiana Monroe +16.0,-2.%,-1.%,3.9%,74-67,1.0,0.0
236,11/28/2021,DePaul,Eastern Michigan,-11.0,DePaul Wins By 12.2,51.42%,-105,149.5,157.1,-115.0,Over 149.5,56.35%,DePaul -11.0,0.2%,0.1%,0.4%,101-63,1.0,1.0
237,11/28/2021,Eastern Kentucky,Radford,-5.5,Eastern Kentucky Wins By 9.5,51.42%,-115,139.0,135.1,-115.0,Under 139.0,54.06%,Eastern Kentucky -5.5,-2.%,-1.%,0.4%,75-88,0.0,0.0
238,11/28/2021,San Diego,Cal St. Northridge,-11.0,San Diego Wins By 14.3,51.42%,-105,132.5,134.1,-105.0,Over 132.5,56.35%,San Diego -11.0,0.2%,0.1%,2.7%,52-56,0.0,0.0
239,11/28/2021,Colorado,Stanford,-4.5,Colorado Wins By 3.1,55.25%,-115,134.0,136.3,-110.0,Over 134.0,56.35%,Stanford +4.5,1.9%,0.8%,1.6%,80-76,1.0,1.0
240,11/28/2021,Kansas State,North Dakota,-17.0,Kansas State Wins By 12.6,51.42%,-110,135.5,143.0,-110.0,Over 135.5,56.35%,North Dakota +17.0,-1.%,-0.%,1.6%,84-42,0.0,0.0
241,11/28/2021,Yale,Stony Brook,-6.5,Yale Wins By 6.4,55.25%,-115,136.5,138.9,-115.0,Over 136.5,56.35%,Stony Brook +6.5,1.9%,0.8%,0.4%,81-85,1.0,1.0
242,11/28/2021,California,Fresno State,-1.5,California Wins By 1.1,51.42%,-110,120.5,123.2,-115.0,Over 120.5,56.35%,Fresno State +1.5,-1.%,-0.%,0.4%,65-57,0.0,1.0
243,11/28/2021,Boston University,Merrimack,-5.0,Boston University Wins By 6.4,51.42%,-110,122.5,124.8,-105.0,Over 122.5,56.35%,Boston University -5.0,-1.%,-0.%,2.7%,61-60,0.0,0.0
244,11/28/2021,Montana State,Southeast Missouri State,-5.5,Montana State Wins By 3.8,55.25%,-110,143.0,149.7,-110.0,Over 143.0,54.76%,Southeast Missouri State +5.5,3.0%,1.5%,1.6%,75-68,0.0,1.0
245,11/28/2021,Bryant,Dartmouth,-7.5,Bryant Wins By 7.1,51.42%,-110,143.5,138.6,-120.0,Under 143.5,56.35%,Dartmouth +7.5,-1.%,-0.%,-0.%,61-63,1.0,1.0
246,11/28/2021,Arkansas State,UMKC,-4.0,Arkansas State Wins By 2.5,55.25%,-115,130.0,131.3,-120.0,Over 130.0,56.35%,UMKC +4.0,1.9%,0.8%,-0.%,66-55,0.0,0.0
247,11/28/2021,Fordham,Central Connecticut,-9.0,Fordham Wins By 5.4,51.42%,-110,131.5,135.9,-110.0,Over 131.5,54.06%,Central Connecticut +9.0,-1.%,-0.%,1.6%,89-83,1.0,1.0
248,11/28/2021,Wofford,Georgia,-1.5,Georgia Wins By 0.7,51.42%,100,140.0,138.7,-120.0,Under 140.0,56.35%,Georgia +1.5,1.4%,0.7%,-0.%,68-65,0.0,1.0
249,11/28/2021,The Citadel,South Carolina State,-10.5,The Citadel Wins By 7.4,51.42%,100,155.5,155.7,-110.0,Over 155.5,54.06%,South Carolina State +10.5,1.4%,0.7%,1.6%,91-79,0.0,1.0
250,11/28/2021,Portland,Incarnate Word,-7.5,Portland Wins By 3.1,51.42%,-110,139.5,137.3,-120.0,Under 139.5,54.06%,Incarnate Word +7.5,-1.%,-0.%,-0.%,77-68,0.0,0.0
251,11/28/2021,Bowling Green,Chicago State,-21.5,Bowling Green Wins By 12.2,51.42%,-115,142.5,146.4,-105.0,Over 142.5,56.35%,Chicago State +21.5,-2.%,-1.%,2.7%,75-57,1.0,0.0
252,11/28/2021,Milwaukee,Alcorn State,-10.5,Milwaukee Wins By 5.9,51.42%,-110,134.5,136.2,-105.0,Over 134.5,56.35%,Alcorn State +10.5,-1.%,-0.%,2.7%,57-61,1.0,0.0
253,11/28/2021,Brown,Quinnipiac,-2.0,Quinnipiac Wins By 3.4,51.42%,-110,134.5,137.6,-110.0,Over 134.5,56.35%,Quinnipiac +2.0,-1.%,-0.%,1.6%,72-61,0.0,0.0
254,11/28/2021,Evansville,Eastern Illinois,-6.5,Evansville Wins By 3.8,51.42%,-105,125.0,132.8,-120.0,Over 125.0,54.06%,Eastern Illinois +6.5,0.2%,0.1%,-0.%,70-54,0.0,0.0
255,11/28/2021,Morgan State,Grambling State,-4.5,Morgan State Wins By 2.8,57.32%,-105,143.5,146.1,-110.0,Over 143.5,54.76%,Grambling State +4.5,6.3%,3.1%,1.6%,59-74,1.0,0.0
256,11/28/2021,Norfolk State,Hampton,-4.5,Norfolk State Wins By 5.6,57.32%,-115,145.0,140.6,-120.0,Under 145.0,54.76%,Norfolk State -4.5,4.1%,2.1%,-0.%,70-61,1.0,1.0
257,11/28/2021,Tennessee State,Southern,-1.0,Tennessee State Wins By 3.0,51.42%,-120,142.5,150.5,-110.0,Over 142.5,56.35%,Tennessee State -1.0,-3.%,-1.%,1.6%,80-82,0.0,1.0
258,11/28/2021,Kennesaw State,Charleston Southern,-6.0,Kennesaw State Wins By 5.3,51.42%,-110,146.0,148.8,-120.0,Over 146.0,56.35%,Charleston Southern +6.0,-1.%,-0.%,-0.%,89-52,0.0,0.0
259,11/28/2021,Bucknell,Siena,-1.0,Bucknell Wins By 2.6,51.42%,-105,145.5,150.0,-105.0,Over 145.5,56.35%,Bucknell -1.0,0.2%,0.1%,2.7%,65-56,1.0,0.0
260,11/28/2021,North Alabama,Alabama State,-2.5,Alabama State Wins By 2.5,51.42%,-110,141.0,145.9,-120.0,Over 141.0,56.35%,Alabama State +2.5,-1.%,-0.%,-0.%,81-69,0.0,1.0
261,11/27/2021,Arizona,Sacramento State,-28.5,Arizona Wins By 26.0,57.32%,-115,143.5,149.3,-105.0,Over 143.5,53.78%,Sacramento State +28.5,4.1%,2.1%,2.7%,105-59,0.0,1.0
262,11/27/2021,Indiana,Marshall,-11.5,Indiana Wins By 14.0,50.35%,-105,147.5,156.0,-120.0,Over 147.5,56.35%,Indiana -11.5,-0.%,-0.%,-0.%,90-79,0.0,1.0
263,11/27/2021,BYU,Utah,-1.5,BYU Wins By 2.5,50.35%,-110,138.0,132.8,100.0,Under 138.0,54.06%,BYU -1.5,-2.%,-1.%,3.9%,75-64,1.0,0.0
264,11/27/2021,St. Bonaventure,Northern Iowa,-9.5,St. Bonaventure Wins By 10.3,55.25%,-105,132.5,133.5,-105.0,Over 132.5,56.35%,St. Bonaventure -9.5,4.1%,2.1%,2.7%,80-90,0.0,1.0
265,11/27/2021,Texas Tech,Lamar,-27.0,Texas Tech Wins By 23.7,57.32%,-115,140.0,142.6,-110.0,Over 140.0,53.78%,Lamar +27.0,4.1%,2.1%,1.6%,89-57,0.0,1.0
266,11/27/2021,Utah State,UT Arlington,-16.5,Utah State Wins By 21.3,57.32%,-105,138.0,138.6,-110.0,Over 138.0,53.78%,Utah State -16.5,6.3%,3.1%,1.6%,80-61,1.0,1.0
267,11/27/2021,Oklahoma,UCF,-1.0,UCF Wins By 3.2,55.25%,-115,136.0,133.0,100.0,Under 136.0,56.35%,UCF +1.0,1.9%,0.8%,3.9%,65-62,0.0,1.0
268,11/27/2021,Mississippi State,Richmond,-2.5,Mississippi State Wins By 2.3,55.25%,-105,138.0,133.8,100.0,Under 138.0,54.76%,Richmond +2.5,4.1%,2.1%,3.9%,82-71,0.0,0.0
269,11/27/2021,Colorado State,Northern Colorado,-14.5,Colorado State Wins By 12.3,51.42%,-115,145.0,148.1,-120.0,Over 145.0,56.35%,Northern Colorado +14.5,-2.%,-1.%,-0.%,88-79,1.0,1.0
270,11/27/2021,Santa Clara,UC Irvine,-3.5,Santa Clara Wins By 5.4,55.25%,-110,137.5,131.2,-120.0,Under 137.5,56.35%,Santa Clara -3.5,3.0%,1.5%,-0.%,64-69,0.0,1.0
271,11/27/2021,Rhode Island,Georgia State,-6.0,Rhode Island Wins By 5.0,55.25%,-120,141.5,139.0,-110.0,Under 141.5,56.35%,Georgia State +6.0,0.8%,0.4%,1.6%,94-59,0.0,0.0
272,11/27/2021,Creighton,SIU Edwardsville,-20.5,Creighton Wins By 17.1,50.35%,-115,139.0,137.6,-110.0,Under 139.0,56.35%,SIU Edwardsville +20.5,-3.%,-1.%,1.6%,70-65,1.0,1.0
273,11/27/2021,Chattanooga,College of Charleston,-8.5,Chattanooga Wins By 10.2,57.32%,-110,147.0,144.9,-115.0,Under 147.0,56.35%,Chattanooga -8.5,5.2%,2.6%,0.4%,66-68,0.0,1.0
274,11/27/2021,North Carolina State,Louisiana Tech,-4.5,North Carolina State Wins By 3.5,55.25%,-105,142.5,147.5,-110.0,Over 142.5,56.35%,Louisiana Tech +4.5,4.1%,2.1%,1.6%,90-81,0.0,1.0
275,11/27/2021,Penn State,Oregon State,-1.0,Penn State Wins By 3.2,55.25%,-110,134.0,139.3,100.0,Over 134.0,54.76%,Penn State -1.0,3.0%,1.5%,3.9%,60-45,1.0,0.0
276,11/27/2021,Jacksonville State,Elon,-2.5,Jacksonville State Wins By 5.0,51.42%,-110,130.5,137.0,-110.0,Over 130.5,54.06%,Jacksonville State -2.5,-1.%,-0.%,1.6%,93-81,1.0,1.0
277,11/27/2021,Marquette,Northern Illinois,-21.0,Marquette Wins By 17.4,51.42%,-115,137.5,136.3,-120.0,Under 137.5,56.35%,Northern Illinois +21.0,-2.%,-1.%,-0.%,80-66,1.0,0.0
278,11/27/2021,Miami OH,Western Illinois,-4.0,Miami OH Wins By 4.3,51.42%,-110,150.0,151.4,100.0,Over 150.0,54.06%,Miami OH -4.0,-1.%,-0.%,3.9%,67-79,0.0,0.0
279,11/27/2021,Vermont,UNC Greensboro,-3.5,Vermont Wins By 2.1,51.42%,-110,122.5,122.1,-110.0,Under 122.5,54.06%,UNC Greensboro +3.5,-1.%,-0.%,1.6%,51-54,1.0,1.0
280,11/27/2021,Nebraska,South Dakota,-11.0,Nebraska Wins By 8.7,51.42%,-120,144.0,137.8,-110.0,Under 144.0,56.35%,South Dakota +11.0,-3.%,-1.%,1.6%,83-70,0.0,0.0
281,11/27/2021,Harvard,Northeastern,-2.5,Northeastern Wins By 2.1,51.42%,-110,130.5,140.0,-110.0,Over 130.5,54.06%,Northeastern +2.5,-1.%,-0.%,1.6%,77-57,0.0,1.0
282,11/27/2021,Davidson,Robert Morris,-14.0,Davidson Wins By 11.4,51.42%,-110,137.0,142.0,-110.0,Over 137.0,56.35%,Robert Morris +14.0,-1.%,-0.%,1.6%,88-70,0.0,1.0
283,11/27/2021,Grand Canyon,Pepperdine,-3.0,Grand Canyon Wins By 4.4,51.42%,-115,135.5,127.9,-120.0,Under 135.5,54.06%,Grand Canyon -3.0,-2.%,-1.%,-0.%,59-56,1.0,1.0
284,11/27/2021,Furman,USC Upstate,-16.0,Furman Wins By 8.9,51.42%,-110,140.5,141.1,-115.0,Over 140.5,54.06%,USC Upstate +16.0,-1.%,-0.%,0.4%,87-77,1.0,1.0
285,11/27/2021,Navy,Mount St. Mary's,-3.0,Navy Wins By 4.8,51.42%,-110,123.5,129.9,-105.0,Over 123.5,54.06%,Navy -3.0,-1.%,-0.%,2.7%,67-40,1.0,0.0
286,11/27/2021,East Carolina,Coppin State,-16.0,East Carolina Wins By 14.3,51.42%,-105,144.5,143.6,-110.0,Under 144.5,56.35%,Coppin State +16.0,0.2%,0.1%,1.6%,70-68,1.0,1.0
287,11/27/2021,Seattle,St. Thomas,-10.0,Seattle Wins By 10.3,51.42%,-115,147.5,143.9,-115.0,Under 147.5,56.35%,Seattle -10.0,-2.%,-1.%,0.4%,81-64,1.0,1.0
288,11/27/2021,Hofstra,Detroit,-7.5,Hofstra Wins By 6.9,55.25%,-115,145.0,138.1,-105.0,Under 145.0,56.35%,Detroit +7.5,1.9%,0.8%,2.7%,98-84,0.0,0.0
289,11/27/2021,Utah Valley,Denver,-11.5,Utah Valley Wins By 12.0,51.42%,-115,135.0,135.5,-115.0,Over 135.0,56.35%,Utah Valley -11.5,-2.%,-1.%,0.4%,77-68,0.0,1.0
290,11/27/2021,Morehead State,UMKC,-3.5,Morehead State Wins By 1.6,55.25%,-110,128.5,130.3,100.0,Over 128.5,54.76%,UMKC +3.5,3.0%,1.5%,3.9%,70-62,0.0,1.0
291,11/27/2021,Campbell,Stetson,-1.5,Campbell Wins By 2.3,51.42%,-115,132.5,126.8,-120.0,Under 132.5,54.06%,Campbell -1.5,-2.%,-1.%,-0.%,60-58,1.0,1.0
292,11/27/2021,Temple,Delaware,-3.0,Temple Wins By 2.8,51.42%,-115,139.0,141.4,-115.0,Over 139.0,56.35%,Delaware +3.0,-2.%,-1.%,0.4%,75-74,1.0,1.0
293,11/27/2021,North Dakota State,Idaho,-18.5,North Dakota State Wins By 15.0,57.32%,-105,133.0,140.3,-115.0,Over 133.0,53.78%,Idaho +18.5,6.3%,3.1%,0.4%,90-73,1.0,1.0
294,11/27/2021,New Hampshire,Holy Cross,-7.5,New Hampshire Wins By 8.1,51.42%,-110,135.0,141.7,-110.0,Over 135.0,54.06%,New Hampshire -7.5,-1.%,-0.%,1.6%,70-55,1.0,0.0
295,11/27/2021,Montana State,Incarnate Word,-11.0,Montana State Wins By 3.5,51.42%,-110,141.0,140.9,-110.0,Under 141.0,54.06%,Incarnate Word +11.0,-1.%,-0.%,1.6%,83-64,0.0,0.0
296,11/27/2021,Pittsburgh,UMBC,-5.5,Pittsburgh Wins By 4.2,51.42%,-115,132.5,136.6,-110.0,Over 132.5,56.35%,UMBC +5.5,-2.%,-1.%,1.6%,77-87,1.0,1.0
297,11/27/2021,Indiana State,Ball State,-1.0,Ball State Wins By 1.8,51.42%,-115,152.5,146.4,-120.0,Under 152.5,56.35%,Ball State +1.0,-2.%,-1.%,-0.%,75-97,1.0,0.0
298,11/27/2021,Bradley,Maine,-15.0,Bradley Wins By 8.4,55.25%,-110,126.0,133.3,-110.0,Over 126.0,56.35%,Maine +15.0,3.0%,1.5%,1.6%,71-39,0.0,0.0
299,11/27/2021,Portland,Southeast Missouri State,-1.0,Portland Wins By 2.0,57.32%,-115,147.5,145.5,-110.0,Under 147.5,54.76%,Portland -1.0,4.1%,2.1%,1.6%,74-68,1.0,1.0
300,11/27/2021,Samford,McNeese State,-5.0,Samford Wins By 4.6,65.96%,-110,145.0,147.4,-110.0,Over 145.0,54.76%,McNeese State +5.0,14.%,7.1%,1.6%,83-75,0.0,1.0
301,11/27/2021,North Carolina A&T,St. Francis NY,-3.5,St. Francis NY Wins By 1.3,55.25%,-110,140.5,138.5,-110.0,Under 140.5,54.76%,St. Francis NY +3.5,3.0%,1.5%,1.6%,73-67,0.0,1.0
302,11/27/2021,Air Force,Idaho State,-3.5,Air Force Wins By 3.0,51.42%,-110,120.5,125.0,-120.0,Over 120.5,56.35%,Idaho State +3.5,-1.%,-0.%,-0.%,59-48,0.0,0.0
303,11/26/2021,Gonzaga,Duke,-8.0,Gonzaga Wins By 9.3,57.32%,-110,155.0,146.9,-115.0,Under 155.0,54.76%,Gonzaga -8.0,5.2%,2.6%,0.4%,81-84,0.0,0.0
304,11/26/2021,Memphis,Iowa State,-11.5,Memphis Wins By 12.4,57.32%,-110,139.0,147.2,-120.0,Over 139.0,54.76%,Memphis -11.5,5.2%,2.6%,-0.%,59-78,0.0,0.0
305,11/26/2021,Purdue,Nebraska Omaha,-36.5,Purdue Wins By 32.9,50.35%,-115,145.5,145.5,-115.0,Under 145.5,56.35%,Nebraska Omaha +36.5,-3.%,-1.%,0.4%,97-40,0.0,1.0
306,11/26/2021,Kansas,Dayton,-15.5,Kansas Wins By 14.5,55.25%,-115,140.0,135.8,-110.0,Under 140.0,54.76%,Dayton +15.5,1.9%,0.8%,1.6%,73-74,1.0,0.0
307,11/26/2021,Illinois,UT Rio Grande Valley,-26.5,Illinois Wins By 23.8,50.35%,-115,148.5,146.3,-110.0,Under 148.5,56.35%,UT Rio Grande Valley +26.5,-3.%,-1.%,1.6%,94-85,1.0,0.0
308,11/26/2021,Connecticut,VCU,-8.0,Connecticut Wins By 9.7,57.32%,-120,126.5,142.1,-110.0,Over 126.5,54.76%,Connecticut -8.0,3.1%,1.5%,1.6%,70-63,0.0,1.0
309,11/26/2021,Alabama,Drake,-6.0,Alabama Wins By 4.1,55.25%,-115,149.0,148.4,-105.0,Under 149.0,54.76%,Drake +6.0,1.9%,0.8%,2.7%,80-71,0.0,0.0
310,11/26/2021,Tennessee,Tennessee Tech,-23.0,Tennessee Wins By 19.0,50.35%,-110,141.0,143.3,-110.0,Over 141.0,56.35%,Tennessee Tech +23.0,-2.%,-1.%,1.6%,80-69,1.0,1.0
311,11/26/2021,Kentucky,North Florida,-25.0,Kentucky Wins By 25.2,57.32%,-110,145.5,136.0,-110.0,Under 145.5,53.78%,Kentucky -25.0,5.2%,2.6%,1.6%,86-52,1.0,1.0
312,11/26/2021,San Diego State,USC,-2.0,USC Wins By 3.1,55.25%,-105,131.0,140.5,-115.0,Over 131.0,54.76%,USC +2.0,4.1%,2.1%,0.4%,43-58,1.0,0.0
313,11/26/2021,Virginia Tech,Xavier,-3.0,Virginia Tech Wins By 2.8,55.25%,-105,135.0,134.6,-110.0,Under 135.0,54.76%,Xavier +3.0,4.1%,2.1%,1.6%,58-59,1.0,1.0
314,11/26/2021,Auburn,Syracuse,-5.0,Auburn Wins By 4.3,55.25%,-115,147.0,152.5,-110.0,Over 147.0,54.76%,Syracuse +5.0,1.9%,0.8%,1.6%,89-68,0.0,1.0
315,11/26/2021,Oklahoma State,Oral Roberts,-9.0,Oklahoma State Wins By 10.1,57.32%,-110,148.0,152.8,-110.0,Over 148.0,54.06%,Oklahoma State -9.0,5.2%,2.6%,1.6%,78-77,0.0,1.0
316,11/26/2021,Iowa,Portland State,-23.5,Iowa Wins By 23.0,57.32%,-105,153.0,156.6,-115.0,Over 153.0,53.78%,Portland State +23.5,6.3%,3.1%,0.4%,85-51,0.0,0.0
317,11/26/2021,Clemson,Charleston Southern,-22.0,Clemson Wins By 20.7,50.35%,-115,140.0,143.8,-105.0,Over 140.0,56.35%,Charleston Southern +22.0,-3.%,-1.%,2.7%,91-59,0.0,1.0
318,11/26/2021,San Francisco,UAB,-2.5,San Francisco Wins By 2.1,55.25%,-115,141.5,140.1,-115.0,Under 141.5,54.76%,UAB +2.5,1.9%,0.8%,0.4%,63-61,1.0,1.0
319,11/26/2021,Boise State,Cal St. Bakersfield,-15.5,Boise State Wins By 16.4,57.32%,-115,134.0,136.7,-105.0,Over 134.0,53.78%,Boise State -15.5,4.1%,2.1%,2.7%,39-46,0.0,0.0
320,11/26/2021,Mississippi,Mississippi Valley State,-41.5,Mississippi Wins By 27.9,57.32%,100,147.5,158.1,-110.0,Over 147.5,53.78%,Mississippi Valley State +41.5,7.3%,3.6%,1.6%,73-58,1.0,0.0
321,11/26/2021,Belmont,Iona,-3.0,Belmont Wins By 2.8,55.25%,-120,147.5,147.2,-110.0,Under 147.5,54.76%,Iona +3.0,0.8%,0.4%,1.6%,72-65,0.0,1.0
322,11/26/2021,Virginia,Lehigh,-19.0,Virginia Wins By 13.5,50.35%,-110,124.0,127.2,100.0,Over 124.0,56.35%,Lehigh +19.0,-2.%,-1.%,3.9%,61-43,1.0,0.0
323,11/26/2021,Georgia Tech,Georgia Southern,-12.0,Georgia Tech Wins By 9.9,51.42%,-110,132.0,137.7,-110.0,Over 132.0,56.35%,Georgia Southern +12.0,-1.%,-0.%,1.6%,61-59,1.0,0.0
324,11/26/2021,UC Riverside,Florida A&M,-13.5,UC Riverside Wins By 14.0,51.42%,-110,130.0,125.7,-115.0,Under 130.0,56.35%,UC Riverside -13.5,-1.%,-0.%,0.4%,60-49,0.0,1.0
325,11/26/2021,DePaul,Northern Kentucky,-5.5,DePaul Wins By 9.0,55.25%,-115,140.5,146.1,-110.0,Over 140.5,56.35%,DePaul -5.5,1.9%,0.8%,1.6%,77-68,1.0,1.0
326,11/26/2021,San Diego,Illinois Chicago,-5.5,San Diego Wins By 6.1,55.25%,-110,134.5,137.2,-110.0,Over 134.5,54.76%,San Diego -5.5,3.0%,1.5%,1.6%,64-52,1.0,0.0
327,11/26/2021,Boston College,Columbia,-16.0,Boston College Wins By 16.2,51.42%,-110,134.0,141.1,-105.0,Over 134.0,56.35%,Boston College -16.0,-1.%,-0.%,2.7%,73-60,0.0,0.0
328,11/26/2021,Tulsa,Little Rock,-13.0,Tulsa Wins By 10.7,51.42%,-105,131.5,133.3,-115.0,Over 131.5,56.35%,Little Rock +13.0,0.2%,0.1%,0.4%,77-63,0.0,1.0
329,11/26/2021,Southern Illinois,Alcorn State,-15.0,Southern Illinois Wins By 12.2,51.42%,-105,128.5,132.2,-125.0,Over 128.5,56.35%,Alcorn State +15.0,0.2%,0.1%,-1.%,62-59,1.0,0.0
330,11/26/2021,Georgetown,Saint Joseph's,-7.5,Georgetown Wins By 2.9,55.25%,-105,146.0,136.7,-120.0,Under 146.0,54.76%,Saint Joseph's +7.5,4.1%,2.1%,-0.%,74-77,1.0,0.0
331,11/26/2021,Arkansas State,Morehead State,-1.0,Arkansas State Wins By 5.2,57.32%,-115,134.0,131.9,-110.0,Under 134.0,56.35%,Arkansas State -1.0,4.1%,2.1%,1.6%,51-75,0.0,1.0
332,11/26/2021,Pacific,Arkansas Pine Bluff,-18.5,Pacific Wins By 15.5,51.42%,-110,135.0,132.6,-110.0,Under 135.0,56.35%,Arkansas Pine Bluff +18.5,-1.%,-0.%,1.6%,74-50,0.0,1.0
333,11/26/2021,Montana,Southern Miss,-7.5,Montana Wins By 4.7,55.25%,-110,128.0,130.0,-110.0,Over 128.0,56.35%,Southern Miss +7.5,3.0%,1.5%,1.6%,74-62,0.0,1.0
334,11/26/2021,South Alabama,Hawaii,-3.0,South Alabama Wins By 1.3,57.32%,-120,139.0,133.7,-110.0,Under 139.0,54.76%,Hawaii +3.0,3.1%,1.5%,1.6%,72-69,1.0,0.0
335,11/26/2021,New Mexico,Towson,-2.0,Towson Wins By 2.3,55.25%,-110,144.0,146.4,-110.0,Over 144.0,54.76%,Towson +2.0,3.0%,1.5%,1.6%,58-73,1.0,0.0
336,11/26/2021,Montana State,Portland,-7.0,Montana State Wins By 2.2,55.25%,-110,146.5,148.8,-110.0,Over 146.5,54.76%,Portland +7.0,3.0%,1.5%,1.6%,69-66,1.0,0.0
337,11/26/2021,Old Dominion,Longwood,-5.0,Old Dominion Wins By 1.0,55.25%,-110,125.0,128.8,100.0,Over 125.0,56.35%,Longwood +5.0,3.0%,1.5%,3.9%,62-61,1.0,0.0
338,11/26/2021,Southeast Missouri State,Incarnate Word,-6.5,Southeast Missouri State Wins By 2.2,57.32%,-110,142.5,141.0,-115.0,Under 142.5,54.06%,Incarnate Word +6.5,5.2%,2.6%,0.4%,79-76,1.0,0.0
339,11/26/2021,New Orleans,VMI,-1.0,New Orleans Wins By 2.3,51.42%,-115,145.5,143.1,-110.0,Under 145.5,56.35%,New Orleans -1.0,-2.%,-1.%,1.6%,79-71,1.0,0.0
340,11/26/2021,Presbyterian,Central Arkansas,-7.5,Presbyterian Wins By 6.1,65.96%,-105,133.5,131.6,-120.0,Under 133.5,54.76%,Central Arkansas +7.5,15.%,7.6%,-0.%,75-66,0.0,0.0
341,11/26/2021,Samford,North Carolina A&T,-2.5,Samford Wins By 1.8,57.32%,-105,142.5,140.8,-110.0,Under 142.5,54.76%,North Carolina A&T +2.5,6.3%,3.1%,1.6%,77-75,1.0,0.0
342,11/26/2021,Howard,Austin Peay,-2.0,Howard Wins By 4.1,51.42%,-120,148.0,147.3,-120.0,Under 148.0,56.35%,Howard -2.0,-3.%,-1.%,-0.%,67-69,0.0,1.0
343,11/25/2021,Baylor,VCU,-13.0,Baylor Wins By 12.4,57.32%,-115,129.0,129.3,-110.0,Over 129.0,54.76%,VCU +13.0,4.1%,2.1%,1.6%,69-61,1.0,1.0
344,11/25/2021,Kansas,North Texas,-14.5,Kansas Wins By 9.4,57.32%,-110,130.0,135.0,-110.0,Over 130.0,54.76%,North Texas +14.5,5.2%,2.6%,1.6%,71-59,1.0,1.0
345,11/25/2021,Alabama,Iona,-12.0,Alabama Wins By 9.5,55.25%,-120,152.5,150.1,-110.0,Under 152.5,54.76%,Iona +12.0,0.8%,0.4%,1.6%,68-72,1.0,1.0
346,11/25/2021,USC,Saint Joseph's,-17.5,USC Wins By 13.8,55.25%,-105,151.0,150.6,-110.0,Under 151.0,54.76%,Saint Joseph's +17.5,4.1%,2.1%,1.6%,70-55,1.0,1.0
347,11/25/2021,Auburn,Loyola Chicago,-2.5,Auburn Wins By 1.6,55.25%,-110,144.5,153.4,-110.0,Over 144.5,54.76%,Loyola Chicago +2.5,3.0%,1.5%,1.6%,62-53,0.0,0.0
348,11/25/2021,Mississippi State,Louisville,-2.0,Mississippi State Wins By 3.6,55.25%,-105,133.5,132.3,-120.0,Under 133.5,54.76%,Mississippi State -2.0,4.1%,2.1%,-0.%,58-72,0.0,1.0
349,11/25/2021,Drake,Belmont,-4.0,Drake Wins By 4.3,55.25%,-105,150.5,147.1,-105.0,Under 150.5,54.76%,Drake -4.0,4.1%,2.1%,2.7%,69-74,0.0,1.0
350,11/25/2021,San Diego State,Georgetown,-8.0,San Diego State Wins By 6.1,55.25%,-105,131.5,137.8,-110.0,Over 131.5,54.76%,Georgetown +8.0,4.1%,2.1%,1.6%,73-56,0.0,0.0
351,11/25/2021,San Francisco,Towson,-12.5,San Francisco Wins By 8.8,55.25%,-110,137.0,140.9,-120.0,Over 137.0,54.76%,Towson +12.5,3.0%,1.5%,-0.%,71-61,1.0,0.0
352,11/25/2021,Maryland,Richmond,-1.0,Maryland Wins By 1.9,55.25%,-110,139.0,148.7,-110.0,Over 139.0,54.76%,Maryland -1.0,3.0%,1.5%,1.6%,86-80,1.0,1.0
353,11/25/2021,UAB,New Mexico,-10.5,UAB Wins By 10.5,55.25%,-120,151.5,157.6,-105.0,Over 151.5,54.76%,New Mexico +10.5,0.8%,0.4%,2.7%,86-73,0.0,1.0
354,11/25/2021,Syracuse,Arizona State,-2.0,Syracuse Wins By 1.7,55.25%,-110,142.5,138.0,-110.0,Under 142.5,54.76%,Arizona State +2.0,3.0%,1.5%,1.6%,92-84,0.0,0.0
355,11/25/2021,San Diego,South Alabama,-2.0,San Diego Wins By 5.5,55.25%,-105,136.5,140.4,-105.0,Over 136.5,54.76%,San Diego -2.0,4.1%,2.1%,2.7%,67-68,0.0,0.0
356,11/25/2021,Montana,UNC Wilmington,-7.0,Montana Wins By 7.5,51.42%,-105,132.5,130.1,-115.0,Under 132.5,56.35%,Montana -7.0,0.2%,0.1%,0.4%,,,
357,11/25/2021,UC San Diego,Southern Miss,-1.0,Southern Miss Wins By 2.1,57.32%,-110,141.5,140.9,-110.0,Under 141.5,54.76%,Southern Miss +1.0,5.2%,2.6%,1.6%,55-56,1.0,1.0
358,11/25/2021,Hawaii,Illinois Chicago,-1.0,Hawaii Wins By 1.8,55.25%,-120,132.5,136.1,-110.0,Over 132.5,54.76%,Hawaii -1.0,0.8%,0.4%,1.6%,88-80,1.0,1.0
359,11/25/2021,New Orleans,Presbyterian,-2.5,New Orleans Wins By 5.3,51.42%,-105,135.5,148.1,-115.0,Over 135.5,56.35%,New Orleans -2.5,0.2%,0.1%,0.4%,66-68,0.0,0.0
360,11/24/2021,Texas,Cal Baptist,-22.0,Texas Wins By 20.5,50.35%,100,139.5,130.6,-110.0,Under 139.5,56.35%,Cal Baptist +22.0,0.4%,0.2%,1.6%,68-44,0.0,1.0
361,11/24/2021,Memphis,Virginia Tech,-3.0,Memphis Wins By 5.0,57.32%,-110,140.5,127.8,-110.0,Under 140.5,54.76%,Memphis -3.0,5.2%,2.6%,1.6%,69-61,1.0,1.0
362,11/24/2021,Baylor,Arizona State,-12.0,Baylor Wins By 9.9,55.25%,-105,139.0,137.5,-115.0,Under 139.0,54.76%,Arizona State +12.0,4.1%,2.1%,0.4%,75-63,1.0,1.0
363,11/24/2021,Houston,Oregon,-5.0,Houston Wins By 5.9,55.25%,-110,131.0,129.9,-105.0,Under 131.0,54.76%,Houston -5.0,3.0%,1.5%,2.7%,78-49,1.0,1.0
364,11/24/2021,Florida,Ohio State,-2.0,Florida Wins By 2.5,55.25%,-110,138.0,139.6,-105.0,Over 138.0,54.76%,Florida -2.0,3.0%,1.5%,2.7%,71-68,1.0,1.0
365,11/24/2021,Michigan,Tarleton State,-22.0,Michigan Wins By 15.3,50.35%,100,129.5,135.5,100.0,Over 129.5,56.35%,Tarleton State +22.0,0.4%,0.2%,3.9%,65-54,1.0,0.0
366,11/24/2021,Connecticut,Auburn,-2.5,Connecticut Wins By 4.6,57.32%,-110,142.0,137.9,-110.0,Under 142.0,54.76%,Connecticut -2.5,5.2%,2.6%,1.6%,115-109,1.0,0.0
367,11/24/2021,Florida State,Boston University,-18.0,Florida State Wins By 13.4,50.35%,-110,135.0,129.9,100.0,Under 135.0,56.35%,Boston University +18.0,-2.%,-1.%,3.9%,81-80,1.0,0.0
368,11/24/2021,BYU,Texas Southern,-19.5,BYU Wins By 18.2,50.35%,-105,139.0,126.6,-120.0,Under 139.0,56.35%,Texas Southern +19.5,-0.%,-0.%,-0.%,81-64,1.0,0.0
369,11/24/2021,Oklahoma,Houston Baptist,-34.0,Oklahoma Wins By 28.7,50.35%,-110,146.0,135.8,-120.0,Under 146.0,56.35%,Houston Baptist +34.0,-2.%,-1.%,-0.%,57-40,1.0,1.0
370,11/24/2021,Notre Dame,Texas A&M,-3.5,Notre Dame Wins By 4.0,55.25%,-110,129.5,126.2,-110.0,Under 129.5,54.76%,Notre Dame -3.5,3.0%,1.5%,1.6%,67-73,0.0,0.0
371,11/24/2021,Santa Clara,Fresno State,-6.0,Santa Clara Wins By 5.1,55.25%,-110,142.0,141.0,-120.0,Under 142.0,54.76%,Fresno State +6.0,3.0%,1.5%,-0.%,52-59,1.0,1.0
372,11/24/2021,Murray State,James Madison,-4.5,Murray State Wins By 6.2,55.25%,-110,137.0,135.1,-110.0,Under 137.0,54.76%,Murray State -4.5,3.0%,1.5%,1.6%,74-62,1.0,1.0
373,11/24/2021,Syracuse,VCU,-5.0,Syracuse Wins By 5.7,57.32%,-110,128.5,135.3,-120.0,Over 128.5,54.76%,Syracuse -5.0,5.2%,2.6%,-0.%,55-67,0.0,0.0
374,11/24/2021,South Dakota State,George Mason,-5.5,South Dakota State Wins By 2.6,55.25%,-110,154.5,154.5,-120.0,Under 154.5,54.76%,George Mason +5.5,3.0%,1.5%,-0.%,80-76,1.0,0.0
375,11/24/2021,Missouri State,George Washington,-11.5,Missouri State Wins By 10.4,55.25%,-110,140.0,138.7,-105.0,Under 140.0,54.76%,George Washington +11.5,3.0%,1.5%,2.7%,72-54,0.0,1.0
376,11/24/2021,Colgate,Harvard,-4.0,Colgate Wins By 3.6,51.42%,-110,148.0,147.7,-110.0,Under 148.0,54.06%,Harvard +4.0,-1.%,-0.%,1.6%,84-89,1.0,0.0
377,11/24/2021,Vanderbilt,Pittsburgh,-3.0,Vanderbilt Wins By 4.7,50.35%,-105,129.5,129.2,-105.0,Under 129.5,54.06%,Vanderbilt -3.0,-0.%,-0.%,2.7%,68-52,1.0,1.0
378,11/24/2021,Buffalo,Illinois State,-10.0,Buffalo Wins By 8.6,55.25%,-110,151.5,160.2,-110.0,Over 151.5,54.76%,Illinois State +10.0,3.0%,1.5%,1.6%,106-90,0.0,1.0
379,11/24/2021,TCU,Pepperdine,-11.0,TCU Wins By 8.9,55.25%,-110,137.5,134.4,-110.0,Under 137.5,54.76%,Pepperdine +11.0,3.0%,1.5%,1.6%,73-64,1.0,1.0
380,11/24/2021,Vermont,Appalachian State,-5.5,Vermont Wins By 4.5,55.25%,-105,122.5,123.8,-110.0,Over 122.5,54.76%,Appalachian State +5.5,4.1%,2.1%,1.6%,65-63,1.0,1.0
381,11/24/2021,Nevada,Washington,-4.0,Nevada Wins By 1.6,55.25%,-110,148.0,150.6,-120.0,Over 148.0,54.76%,Washington +4.0,3.0%,1.5%,-0.%,81-62,0.0,0.0
382,11/24/2021,Jacksonville State,Drexel,-3.0,Jacksonville State Wins By 5.3,55.25%,-110,131.0,144.3,-110.0,Over 131.0,54.76%,Jacksonville State -3.0,3.0%,1.5%,1.6%,72-64,1.0,1.0
383,11/24/2021,SMU,Sam Houston State,-12.5,SMU Wins By 7.7,55.25%,-110,141.0,141.1,-105.0,Over 141.0,56.35%,Sam Houston State +12.5,3.0%,1.5%,2.7%,75-66,1.0,1.0
384,11/24/2021,Minnesota,Jacksonville,-14.5,Minnesota Wins By 11.5,57.32%,-110,130.5,134.4,-105.0,Over 130.5,53.78%,Jacksonville +14.5,5.2%,2.6%,2.7%,55-44,1.0,0.0
385,11/24/2021,UC Santa Barbara,Arkansas Pine Bluff,-24.5,UC Santa Barbara Wins By 21.8,57.32%,-105,137.0,140.5,-110.0,Over 137.0,56.35%,Arkansas Pine Bluff +24.5,6.3%,3.1%,1.6%,86-58,0.0,1.0
386,11/24/2021,Kent State,East Tennessee State,-2.0,Kent State Wins By 2.1,55.25%,-115,135.0,132.8,-120.0,Under 135.0,54.76%,Kent State -2.0,1.9%,0.8%,-0.%,51-57,0.0,1.0
387,11/24/2021,Toledo,Coastal Carolina,-7.5,Toledo Wins By 7.2,57.32%,-110,146.5,138.1,-110.0,Under 146.5,54.76%,Coastal Carolina +7.5,5.2%,2.6%,1.6%,79-70,0.0,0.0
388,11/24/2021,Oakland,Delaware,-2.0,Oakland Wins By 1.8,55.25%,-110,136.0,140.8,-120.0,Over 136.0,54.76%,Delaware +2.0,3.0%,1.5%,-0.%,81-73,0.0,1.0
389,11/24/2021,UTEP,Florida A&M,-11.0,UTEP Wins By 9.7,51.42%,-110,127.0,130.2,-110.0,Over 127.0,56.35%,Florida A&M +11.0,-1.%,-0.%,1.6%,67-53,0.0,0.0
390,11/24/2021,Massachusetts,UMass Lowell,-10.0,Massachusetts Wins By 7.1,51.42%,-115,146.0,150.0,-110.0,Over 146.0,56.35%,UMass Lowell +10.0,-2.%,-1.%,1.6%,92-81,0.0,1.0
391,11/24/2021,Southern Utah,Bowling Green,-2.0,Southern Utah Wins By 3.7,55.25%,-110,150.5,158.5,-110.0,Over 150.5,54.76%,Southern Utah -2.0,3.0%,1.5%,1.6%,87-73,1.0,1.0
392,11/24/2021,Tulane,Valparaiso,-4.5,Tulane Wins By 2.3,55.25%,-105,132.0,137.6,-110.0,Over 132.0,54.76%,Valparaiso +4.5,4.1%,2.1%,1.6%,64-68,1.0,1.0
393,11/24/2021,Utah Valley,Nicholls State,-1.0,Utah Valley Wins By 5.1,55.25%,-110,137.0,140.9,-120.0,Over 137.0,54.76%,Utah Valley -1.0,3.0%,1.5%,-0.%,74-63,1.0,1.0
394,11/24/2021,Rice,Fordham,-6.5,Rice Wins By 2.0,55.25%,-105,142.0,152.6,-110.0,Over 142.0,54.76%,Fordham +6.5,4.1%,2.1%,1.6%,74-84,1.0,1.0
395,11/24/2021,Montana,UC San Diego,-5.5,Montana Wins By 4.9,57.32%,-115,139.5,135.4,-110.0,Under 139.5,53.78%,UC San Diego +5.5,4.1%,2.1%,1.6%,71-61,0.0,1.0
396,11/24/2021,Fairfield,Stony Brook,-1.0,Fairfield Wins By 3.7,51.42%,-110,134.5,139.7,-115.0,Over 134.5,56.35%,Fairfield -1.0,-1.%,-0.%,0.4%,83-78,1.0,1.0
397,11/24/2021,Mercer,Middle Tennessee,-4.5,Mercer Wins By 1.4,65.96%,-105,131.5,141.4,-115.0,Over 131.5,54.76%,Middle Tennessee +4.5,15.%,7.6%,0.4%,58-82,1.0,1.0
398,11/24/2021,VMI,Presbyterian,-3.5,VMI Wins By 3.2,55.25%,-110,132.0,141.5,-110.0,Over 132.0,54.76%,Presbyterian +3.5,3.0%,1.5%,1.6%,54-59,1.0,0.0
399,11/24/2021,Cal St. Fullerton,Northern Arizona,-3.5,Cal St. Fullerton Wins By 2.5,51.42%,-110,141.0,148.2,-120.0,Over 141.0,54.06%,Northern Arizona +3.5,-1.%,-0.%,-0.%,73-56,0.0,0.0
400,11/24/2021,South Florida,Hampton,-10.0,South Florida Wins By 10.1,51.42%,-110,133.5,130.1,-120.0,Under 133.5,56.35%,South Florida -10.0,-1.%,-0.%,-0.%,58-52,0.0,1.0
401,11/24/2021,Canisius,Coppin State,-10.0,Canisius Wins By 8.0,51.42%,-110,146.0,138.6,-110.0,Under 146.0,56.35%,Coppin State +10.0,-1.%,-0.%,1.6%,76-75,1.0,0.0
402,11/24/2021,Eastern Michigan,Western Illinois,-2.0,Eastern Michigan Wins By 0.7,51.42%,-110,146.5,157.2,-115.0,Over 146.5,56.35%,Western Illinois +2.0,-1.%,-0.%,0.4%,72-68,0.0,0.0
403,11/24/2021,New Orleans,Central Arkansas,-8.5,New Orleans Wins By 8.3,51.42%,-110,151.5,145.2,-105.0,Under 151.5,56.35%,Central Arkansas +8.5,-1.%,-0.%,2.7%,90-63,0.0,0.0
404,11/24/2021,UTSA,Lamar,-5.0,UTSA Wins By 3.6,51.42%,-105,141.0,141.0,-115.0,Over 141.0,56.35%,Lamar +5.0,0.2%,0.1%,0.4%,79-73,0.0,1.0
405,11/24/2021,Cal Poly,Idaho,-6.0,Cal Poly Wins By 7.2,65.96%,-105,132.0,143.0,-110.0,Over 132.0,54.76%,Cal Poly -6.0,15.%,7.6%,1.6%,67-63,0.0,0.0
406,11/24/2021,Cornell,St. Francis PA,-3.0,Cornell Wins By 3.0,65.96%,-105,153.0,153.3,-105.0,Over 153.0,56.35%,St. Francis PA +3.0,15.%,7.6%,2.7%,93-80,0.0,1.0
407,11/24/2021,Air Force,Denver,-6.5,Air Force Wins By 4.3,51.42%,-110,122.5,126.1,-120.0,Over 122.5,56.35%,Denver +6.5,-1.%,-0.%,-0.%,66-65,1.0,1.0
408,11/24/2021,Radford,William & Mary,-5.0,Radford Wins By 5.7,51.42%,-110,135.0,138.1,-110.0,Over 135.0,56.35%,Radford -5.0,-1.%,-0.%,1.6%,67-54,1.0,0.0
409,11/23/2021,Gonzaga,UCLA,-7.0,Gonzaga Wins By 6.7,55.25%,-105,156.0,152.2,-115.0,Under 156.0,54.76%,UCLA +7.0,4.1%,2.1%,0.4%,83-63,0.0,1.0
410,11/23/2021,Houston,Wisconsin,-7.5,Houston Wins By 5.9,55.25%,-115,122.0,128.1,-110.0,Over 122.0,54.76%,Wisconsin +7.5,1.9%,0.8%,1.6%,63-65,1.0,1.0
411,11/23/2021,Indiana,Jackson State,-24.5,Indiana Wins By 17.6,50.35%,-110,126.5,139.4,-110.0,Over 126.5,53.78%,Jackson State +24.5,-2.%,-1.%,1.6%,70-35,0.0,0.0
412,11/23/2021,Texas Tech,Nebraska Omaha,-30.5,Texas Tech Wins By 29.1,57.32%,-105,140.0,131.8,-105.0,Under 140.0,56.35%,Nebraska Omaha +30.5,6.3%,3.1%,2.7%,96-40,0.0,1.0
413,11/23/2021,Arkansas,Cincinnati,-5.0,Arkansas Wins By 2.0,55.25%,-110,141.0,137.4,-110.0,Under 141.0,54.76%,Cincinnati +5.0,3.0%,1.5%,1.6%,73-67,0.0,1.0
414,11/23/2021,Providence,Virginia,-2.0,Providence Wins By 3.9,55.25%,-110,121.5,130.6,-110.0,Over 121.5,54.76%,Providence -2.0,3.0%,1.5%,1.6%,40-58,0.0,0.0
415,11/23/2021,Oregon,Saint Mary's,-2.0,Oregon Wins By 1.8,55.25%,-115,131.5,132.0,-110.0,Over 131.5,54.76%,Saint Mary's +2.0,1.9%,0.8%,1.6%,50-62,1.0,0.0
416,11/23/2021,North Carolina,UNC Asheville,-23.5,North Carolina Wins By 19.0,57.32%,-110,157.0,156.0,-110.0,Under 157.0,56.35%,UNC Asheville +23.5,5.2%,2.6%,1.6%,72-53,1.0,1.0
417,11/23/2021,South Dakota State,Washington,-6.5,South Dakota State Wins By 6.0,55.25%,100,156.0,159.7,-120.0,Over 156.0,54.76%,Washington +6.5,5.2%,2.6%,-0.%,76-87,1.0,1.0
418,11/23/2021,Missouri State,East Tennessee State,-7.0,Missouri State Wins By 7.0,55.25%,-105,140.0,138.3,-115.0,Under 140.0,54.76%,Missouri State -7.0,4.1%,2.1%,0.4%,76-77,0.0,0.0
419,11/23/2021,Rhode Island,Florida Gulf Coast,-4.0,Rhode Island Wins By 4.6,51.42%,-115,139.0,141.9,-115.0,Over 139.0,54.06%,Rhode Island -4.0,-2.%,-1.%,0.4%,66-67,0.0,0.0
420,11/23/2021,Buffalo,Stephen F. Austin,-5.0,Buffalo Wins By 4.5,55.25%,-110,155.0,149.1,-120.0,Under 155.0,54.76%,Stephen F. Austin +5.0,3.0%,1.5%,-0.%,78-79,1.0,0.0
421,11/23/2021,Nevada,George Mason,-4.0,George Mason Wins By 2.7,55.25%,-105,144.0,147.3,-120.0,Over 144.0,54.76%,George Mason +4.0,4.1%,2.1%,-0.%,88-69,0.0,1.0
422,11/23/2021,Nebraska,Tennessee State,-16.5,Nebraska Wins By 15.1,57.32%,-110,146.5,145.0,-120.0,Under 146.5,56.35%,Tennessee State +16.5,5.2%,2.6%,-0.%,79-73,1.0,0.0
423,11/23/2021,Stanford,North Carolina A&T,-16.5,Stanford Wins By 12.3,51.42%,-115,134.5,127.4,-120.0,Under 134.5,56.35%,North Carolina A&T +16.5,-2.%,-1.%,-0.%,79-65,1.0,0.0
424,11/23/2021,Kent State,George Washington,-6.0,Kent State Wins By 7.7,55.25%,-105,136.0,138.0,100.0,Over 136.0,54.76%,Kent State -6.0,4.1%,2.1%,3.9%,77-69,1.0,1.0
425,11/23/2021,Toledo,Tulane,-2.5,Toledo Wins By 1.8,55.25%,-110,143.5,148.8,-110.0,Over 143.5,54.76%,Tulane +2.5,3.0%,1.5%,1.6%,68-67,1.0,0.0
426,11/23/2021,South Carolina,Wofford,-3.0,South Carolina Wins By 4.3,55.25%,-115,141.5,142.5,-110.0,Over 141.5,56.35%,South Carolina -3.0,1.9%,0.8%,1.6%,85-74,1.0,1.0
427,11/23/2021,Marshall,Louisiana Lafayette,-5.0,Marshall Wins By 6.3,57.32%,-105,151.5,150.2,100.0,Under 151.5,53.78%,Marshall -5.0,6.3%,3.1%,3.9%,93-79,1.0,0.0
428,11/23/2021,Oakland,Rice,-2.5,Oakland Wins By 1.8,55.25%,-115,144.0,145.8,-110.0,Over 144.0,54.76%,Rice +2.5,1.9%,0.8%,1.6%,76-73,0.0,1.0
429,11/23/2021,Delaware,Fordham,-6.5,Delaware Wins By 2.7,55.25%,-110,133.5,148.1,-110.0,Over 133.5,54.76%,Fordham +6.5,3.0%,1.5%,1.6%,81-71,0.0,1.0
430,11/23/2021,UC Davis,Sacramento State,-8.0,UC Davis Wins By 7.3,57.32%,-115,135.5,145.8,-115.0,Over 135.5,54.76%,Sacramento State +8.0,4.1%,2.1%,0.4%,63-75,1.0,1.0
431,11/23/2021,Cal St. Fullerton,UT Rio Grande Valley,-9.5,Cal St. Fullerton Wins By 7.8,55.25%,-105,145.0,145.7,100.0,Over 145.0,54.76%,UT Rio Grande Valley +9.5,4.1%,2.1%,3.9%,67-72,1.0,0.0
432,11/23/2021,Merrimack,Hartford,-4.0,Merrimack Wins By 5.5,57.32%,-105,121.0,130.3,-110.0,Over 121.0,53.78%,Merrimack -4.0,6.3%,3.1%,1.6%,75-60,1.0,1.0
433,11/23/2021,New Hampshire,Quinnipiac,-3.5,New Hampshire Wins By 3.6,57.32%,-115,135.0,144.3,-110.0,Over 135.0,56.35%,New Hampshire -3.5,4.1%,2.1%,1.6%,84-69,1.0,1.0
434,11/23/2021,Bellarmine,Central Michigan,-6.5,Bellarmine Wins By 6.9,57.32%,-105,146.0,135.2,100.0,Under 146.0,54.76%,Bellarmine -6.5,6.3%,3.1%,3.9%,76-69,1.0,1.0
435,11/23/2021,Northern Colorado,San Jose State,-4.0,San Jose State Wins By 1.2,51.42%,-110,136.0,131.6,100.0,Under 136.0,56.35%,San Jose State +4.0,-1.%,-0.%,3.9%,74-75,1.0,0.0
436,11/23/2021,UMBC,American,-4.5,UMBC Wins By 4.8,51.42%,-115,141.5,145.7,-105.0,Over 141.5,56.35%,UMBC -4.5,-2.%,-1.%,2.7%,98-67,1.0,1.0
437,11/23/2021,Maine,Central Connecticut,-5.5,Maine Wins By 6.4,57.32%,-110,127.5,135.9,-110.0,Over 127.5,56.35%,Maine -5.5,5.2%,2.6%,1.6%,56-64,0.0,0.0
438,11/23/2021,USC Upstate,South Carolina State,-4.0,South Carolina State Wins By 1.4,51.42%,-110,141.0,147.5,-110.0,Over 141.0,56.35%,South Carolina State +4.0,-1.%,-0.%,1.6%,82-78,1.0,1.0
439,11/21/2021,Purdue,Villanova,-3.0,Purdue Wins By 3.4,55.25%,100,,,,,,Purdue -3.0,5.2%,2.6%,,80-74,1.0,
440,11/21/2021,Michigan,Arizona,-3.5,Michigan Wins By 2.5,55.25%,-110,,,,,,Arizona +3.5,3.0%,1.5%,,62-80,1.0,
441,11/21/2021,Tennessee,North Carolina,-3.0,Tennessee Wins By 3.9,55.25%,-105,,,,,,Tennessee -3.0,4.1%,2.1%,,89-72,1.0,
442,11/21/2021,Virginia Tech,Merrimack,-18.5,Virginia Tech Wins By 15.8,57.32%,-115,,,,,,Merrimack +18.5,4.1%,2.1%,,72-43,0.0,
443,11/21/2021,St. Bonaventure,Marquette,-3.0,St. Bonaventure Wins By 4.2,55.25%,-105,,,,,,St. Bonaventure -3.0,4.1%,2.1%,,70-54,1.0,
444,11/21/2021,Oklahoma,Utah State,-4.5,Oklahoma Wins By 2.1,55.25%,-105,,,,,,Utah State +4.5,4.1%,2.1%,,70-73,1.0,
445,11/21/2021,Florida State,Loyola Marymount,-7.0,Florida State Wins By 4.3,55.25%,-105,,,,,,Loyola Marymount +7.0,4.1%,2.1%,,73-45,0.0,
446,11/21/2021,Mississippi State,Morehead State,-14.0,Mississippi State Wins By 14.0,57.32%,-115,,,,,,Morehead State +14.0,4.1%,2.1%,,66-46,0.0,
447,11/21/2021,West Virginia,Clemson,-2.5,West Virginia Wins By 1.4,55.25%,-110,,,,,,Clemson +2.5,3.0%,1.5%,,66-59,0.0,
448,11/21/2021,Colorado State,Creighton,-3.5,Colorado State Wins By 2.8,55.25%,-115,,,,,,Creighton +3.5,1.9%,0.8%,,95-81,0.0,
449,11/21/2021,Mississippi,Boise State,-2.0,Boise State Wins By 1.7,55.25%,-105,,,,,,Boise State +2.0,4.1%,2.1%,,50-60,1.0,
450,11/21/2021,Wichita State,UNLV,-3.5,Wichita State Wins By 7.2,55.25%,-110,,,,,,Wichita State -3.5,3.0%,1.5%,,74-73,0.0,
451,11/21/2021,UAB,Alabama A&M,-25.5,UAB Wins By 20.7,50.35%,-105,,,,,,Alabama A&M +25.5,-0.%,-0.%,,86-41,0.0,
452,11/21/2021,Rhode Island,Boston College,-3.0,Rhode Island Wins By 2.1,55.25%,-105,,,,,,Boston College +3.0,4.1%,2.1%,,71-65,0.0,
453,11/21/2021,SMU,Missouri,-7.0,SMU Wins By 6.4,55.25%,-110,,,,,,Missouri +7.0,3.0%,1.5%,,75-80,1.0,
454,11/21/2021,North Carolina State,Texas Southern,-14.0,North Carolina State Wins By 11.4,51.42%,-105,,,,,,Texas Southern +14.0,0.2%,0.1%,,65-57,1.0,
455,11/21/2021,Utah,Tulsa,-5.5,Utah Wins By 2.7,55.25%,-110,,,,,,Tulsa +5.5,3.0%,1.5%,,72-58,0.0,
456,11/21/2021,Nebraska,Southern,-16.0,Nebraska Wins By 12.6,51.42%,-110,,,,,,Southern +16.0,-1.%,-0.%,,82-59,0.0,
457,11/21/2021,New Mexico State,Indiana State,-8.5,New Mexico State Wins By 4.5,55.25%,-115,,,,,,Indiana State +8.5,1.9%,0.8%,,80-66,0.0,
458,11/21/2021,Georgia State,High Point,-11.0,Georgia State Wins By 5.2,51.42%,-110,,,,,,High Point +11.0,-1.%,-0.%,,74-66,1.0,
459,11/21/2021,Davidson,East Carolina,-4.5,Davidson Wins By 2.3,55.25%,-115,,,,,,East Carolina +4.5,1.9%,0.8%,,76-67,0.0,
460,11/21/2021,Furman,Navy,-9.5,Furman Wins By 6.1,51.42%,-110,,,,,,Navy +9.5,-1.%,-0.%,,66-77,1.0,
461,11/21/2021,Marshall,Jackson State,-15.0,Marshall Wins By 7.3,55.25%,-105,,,,,,Jackson State +15.0,4.1%,2.1%,,80-66,1.0,
462,11/21/2021,Massachusetts,Ball State,-7.5,Massachusetts Wins By 5.5,55.25%,-110,,,,,,Ball State +7.5,3.0%,1.5%,,86-89,1.0,
463,11/21/2021,Oregon State,Princeton,-5.5,Oregon State Wins By 4.4,55.25%,-115,,,,,,Princeton +5.5,1.9%,0.8%,,80-81,1.0,
464,11/21/2021,Longwood,Western Carolina,-8.5,Longwood Wins By 14.0,57.32%,-110,,,,,,Longwood -8.5,5.2%,2.6%,,53-64,0.0,
465,11/21/2021,Wofford,Georgia Southern,-7.0,Wofford Wins By 4.4,55.25%,-110,,,,,,Georgia Southern +7.0,3.0%,1.5%,,70-52,0.0,
466,11/21/2021,Iowa State,Grambling State,-16.0,Iowa State Wins By 9.3,57.32%,-110,,,,,,Grambling State +16.0,5.2%,2.6%,,82-47,0.0,
467,11/21/2021,Southern Miss,Lamar,-5.0,Southern Miss Wins By 7.9,57.32%,-110,,,,,,Southern Miss -5.0,5.2%,2.6%,,82-75,1.0,
468,11/21/2021,Sam Houston State,Little Rock,-3.5,Sam Houston State Wins By 7.1,57.32%,-110,,,,,,Sam Houston State -3.5,5.2%,2.6%,,77-59,1.0,
469,11/21/2021,UNC Greensboro,FIU,-2.0,UNC Greensboro Wins By 4.1,55.25%,-115,,,,,,UNC Greensboro -2.0,1.9%,0.8%,,71-74,0.0,
470,11/21/2021,Cal Baptist,Northern Colorado,-2.0,Cal Baptist Wins By 4.2,57.32%,-105,,,,,,Cal Baptist -2.0,6.3%,3.1%,,74-70,1.0,
471,11/21/2021,South Dakota,Tennessee State,-7.0,South Dakota Wins By 7.5,57.32%,-105,,,,,,South Dakota -7.0,6.3%,3.1%,,83-66,1.0,
472,11/21/2021,UTSA,Texas A&M Corpus Chris,-8.0,UTSA Wins By 6.4,51.42%,-110,,,,,,Texas A&M Corpus Chris +8.0,-1.%,-0.%,,58-77,1.0,
473,11/21/2021,Howard,William & Mary,-4.0,Howard Wins By 5.7,57.32%,-110,,,,,,Howard -4.0,5.2%,2.6%,,82-76,1.0,
474,11/21/2021,Niagara,Youngstown State,-2.5,Youngstown State Wins By 2.2,51.42%,100,,,,,,Youngstown State +2.5,1.4%,0.7%,,58-53,0.0,
475,11/21/2021,Air Force,Bethune Cookman,-10.5,Air Force Wins By 4.7,57.32%,-105,,,,,,Bethune Cookman +10.5,6.3%,3.1%,,73-65,1.0,
476,11/21/2021,North Dakota,Tennessee Martin,-3.0,North Dakota Wins By 6.5,57.32%,-110,,,,,,North Dakota -3.0,5.2%,2.6%,,72-77,0.0,
477,11/21/2021,Denver,Houston Baptist,-5.0,Denver Wins By 7.9,57.32%,-110,,,,,,Denver -5.0,5.2%,2.6%,,74-61,1.0,
478,11/21/2021,Purdue,Villanova,-3.0,Purdue Wins By 3.4,55.25%,100,,,,,,Purdue -3.0,5.2%,2.6%,,80-74,1.0,
479,11/21/2021,Michigan,Arizona,-3.5,Michigan Wins By 2.5,55.25%,-110,,,,,,Arizona +3.5,3.0%,1.5%,,62-80,1.0,
480,11/21/2021,Tennessee,North Carolina,-3.0,Tennessee Wins By 3.9,55.25%,-105,,,,,,Tennessee -3.0,4.1%,2.1%,,89-72,1.0,
481,11/21/2021,Virginia Tech,Merrimack,-18.5,Virginia Tech Wins By 15.8,57.32%,-115,,,,,,Merrimack +18.5,4.1%,2.1%,,72-43,0.0,
482,11/21/2021,St. Bonaventure,Marquette,-3.0,St. Bonaventure Wins By 4.2,55.25%,-105,,,,,,St. Bonaventure -3.0,4.1%,2.1%,,70-54,1.0,
483,11/21/2021,Oklahoma,Utah State,-4.5,Oklahoma Wins By 2.1,55.25%,-105,,,,,,Utah State +4.5,4.1%,2.1%,,70-73,1.0,
484,11/21/2021,Florida State,Loyola Marymount,-7.0,Florida State Wins By 4.3,55.25%,-105,,,,,,Loyola Marymount +7.0,4.1%,2.1%,,73-45,0.0,
485,11/21/2021,Mississippi State,Morehead State,-14.0,Mississippi State Wins By 14.0,57.32%,-115,,,,,,Morehead State +14.0,4.1%,2.1%,,66-46,0.0,
486,11/21/2021,West Virginia,Clemson,-2.5,West Virginia Wins By 1.4,55.25%,-110,,,,,,Clemson +2.5,3.0%,1.5%,,66-59,0.0,
487,11/21/2021,Colorado State,Creighton,-3.5,Colorado State Wins By 2.8,55.25%,-115,,,,,,Creighton +3.5,1.9%,0.8%,,95-81,0.0,
488,11/21/2021,Mississippi,Boise State,-2.0,Boise State Wins By 1.7,55.25%,-105,,,,,,Boise State +2.0,4.1%,2.1%,,50-60,1.0,
489,11/21/2021,Wichita State,UNLV,-3.5,Wichita State Wins By 7.2,55.25%,-110,,,,,,Wichita State -3.5,3.0%,1.5%,,74-73,0.0,
490,11/21/2021,UAB,Alabama A&M,-25.5,UAB Wins By 20.7,50.35%,-105,,,,,,Alabama A&M +25.5,-0.%,-0.%,,86-41,0.0,
491,11/21/2021,Rhode Island,Boston College,-3.0,Rhode Island Wins By 2.1,55.25%,-105,,,,,,Boston College +3.0,4.1%,2.1%,,71-65,0.0,
492,11/21/2021,SMU,Missouri,-7.0,SMU Wins By 6.4,55.25%,-110,,,,,,Missouri +7.0,3.0%,1.5%,,75-80,1.0,
493,11/21/2021,North Carolina State,Texas Southern,-14.0,North Carolina State Wins By 11.4,51.42%,-105,,,,,,Texas Southern +14.0,0.2%,0.1%,,65-57,1.0,
494,11/21/2021,Utah,Tulsa,-5.5,Utah Wins By 2.7,55.25%,-110,,,,,,Tulsa +5.5,3.0%,1.5%,,72-58,0.0,
495,11/21/2021,Nebraska,Southern,-16.0,Nebraska Wins By 12.6,51.42%,-110,,,,,,Southern +16.0,-1.%,-0.%,,82-59,0.0,
496,11/21/2021,New Mexico State,Indiana State,-8.5,New Mexico State Wins By 4.5,55.25%,-115,,,,,,Indiana State +8.5,1.9%,0.8%,,80-66,0.0,
497,11/21/2021,Georgia State,High Point,-11.0,Georgia State Wins By 5.2,51.42%,-110,,,,,,High Point +11.0,-1.%,-0.%,,74-66,1.0,
498,11/21/2021,Davidson,East Carolina,-4.5,Davidson Wins By 2.3,55.25%,-115,,,,,,East Carolina +4.5,1.9%,0.8%,,76-67,0.0,
499,11/21/2021,Furman,Navy,-9.5,Furman Wins By 6.1,51.42%,-110,,,,,,Navy +9.5,-1.%,-0.%,,66-77,1.0,
500,11/21/2021,Marshall,Jackson State,-15.0,Marshall Wins By 7.3,55.25%,-105,,,,,,Jackson State +15.0,4.1%,2.1%,,80-66,1.0,
501,11/21/2021,Massachusetts,Ball State,-7.5,Massachusetts Wins By 5.5,55.25%,-110,,,,,,Ball State +7.5,3.0%,1.5%,,86-89,1.0,
502,11/21/2021,Oregon State,Princeton,-5.5,Oregon State Wins By 4.4,55.25%,-115,,,,,,Princeton +5.5,1.9%,0.8%,,80-81,1.0,
503,11/21/2021,Longwood,Western Carolina,-8.5,Longwood Wins By 14.0,57.32%,-110,,,,,,Longwood -8.5,5.2%,2.6%,,53-64,0.0,
504,11/21/2021,Wofford,Georgia Southern,-7.0,Wofford Wins By 4.4,55.25%,-110,,,,,,Georgia Southern +7.0,3.0%,1.5%,,70-52,0.0,
505,11/21/2021,Iowa State,Grambling State,-16.0,Iowa State Wins By 9.3,57.32%,-110,,,,,,Grambling State +16.0,5.2%,2.6%,,82-47,0.0,
506,11/21/2021,Southern Miss,Lamar,-5.0,Southern Miss Wins By 7.9,57.32%,-110,,,,,,Southern Miss -5.0,5.2%,2.6%,,82-75,1.0,
507,11/21/2021,Sam Houston State,Little Rock,-3.5,Sam Houston State Wins By 7.1,57.32%,-110,,,,,,Sam Houston State -3.5,5.2%,2.6%,,77-59,1.0,
508,11/21/2021,UNC Greensboro,FIU,-2.0,UNC Greensboro Wins By 4.1,55.25%,-115,,,,,,UNC Greensboro -2.0,1.9%,0.8%,,71-74,0.0,
509,11/21/2021,Cal Baptist,Northern Colorado,-2.0,Cal Baptist Wins By 4.2,57.32%,-105,,,,,,Cal Baptist -2.0,6.3%,3.1%,,74-70,1.0,
510,11/21/2021,South Dakota,Tennessee State,-7.0,South Dakota Wins By 7.5,57.32%,-105,,,,,,South Dakota -7.0,6.3%,3.1%,,83-66,1.0,
511,11/21/2021,UTSA,Texas A&M Corpus Chris,-8.0,UTSA Wins By 6.4,51.42%,-110,,,,,,Texas A&M Corpus Chris +8.0,-1.%,-0.%,,58-77,1.0,
512,11/21/2021,Howard,William & Mary,-4.0,Howard Wins By 5.7,57.32%,-110,,,,,,Howard -4.0,5.2%,2.6%,,82-76,1.0,
513,11/21/2021,Niagara,Youngstown State,-2.5,Youngstown State Wins By 2.2,51.42%,100,,,,,,Youngstown State +2.5,1.4%,0.7%,,58-53,0.0,
514,11/21/2021,Air Force,Bethune Cookman,-10.5,Air Force Wins By 4.7,57.32%,-105,,,,,,Bethune Cookman +10.5,6.3%,3.1%,,73-65,1.0,
515,11/21/2021,North Dakota,Tennessee Martin,-3.0,North Dakota Wins By 6.5,57.32%,-110,,,,,,North Dakota -3.0,5.2%,2.6%,,72-77,0.0,
516,11/21/2021,Denver,Houston Baptist,-5.0,Denver Wins By 7.9,57.32%,-110,,,,,,Denver -5.0,5.2%,2.6%,,74-61,1.0,
517,11/20/2021,Purdue,North Carolina,-7.5,Purdue Wins By 8.8,57.32%,-110,,,,,,Purdue -7.5,5.2%,2.6%,,93-84,1.0,
518,11/20/2021,Texas,San Jose State,-28.5,Texas Wins By 21.5,50.35%,-110,,,,,,San Jose State +28.5,-2.%,-1.%,,79-45,0.0,
519,11/20/2021,Baylor,Stanford,-14.0,Baylor Wins By 11.9,57.32%,-115,,,,,,Stanford +14.0,4.1%,2.1%,,86-48,0.0,
520,11/20/2021,Connecticut,Binghamton,-31.5,Connecticut Wins By 25.7,57.32%,-115,,,,,,Binghamton +31.5,4.1%,2.1%,,87-63,1.0,
521,11/20/2021,Michigan State,Eastern Michigan,-23.0,Michigan State Wins By 20.2,57.32%,-105,,,,,,Eastern Michigan +23.0,6.3%,3.1%,,83-59,0.0,
522,11/20/2021,Texas Tech,Incarnate Word,-30.0,Texas Tech Wins By 23.3,57.32%,100,,,,,,Incarnate Word +30.0,7.3%,3.6%,,84-62,1.0,
523,11/20/2021,Louisville,Detroit,-16.5,Louisville Wins By 17.9,50.35%,-110,,,,,,Louisville -16.5,-2.%,-1.%,,73-67,0.0,
524,11/20/2021,San Diego State,UT Arlington,-19.5,San Diego State Wins By 20.2,57.32%,-110,,,,,,San Diego State -19.5,5.2%,2.6%,,68-62,0.0,
525,11/20/2021,UCF,Evansville,-8.0,UCF Wins By 9.7,50.35%,-110,,,,,,UCF -8.0,-2.%,-1.%,,75-59,1.0,
526,11/20/2021,Syracuse,Colgate,-10.5,Syracuse Wins By 7.1,55.25%,-110,,,,,,Colgate +10.5,3.0%,1.5%,,85-100,1.0,
527,11/20/2021,Rhode Island,Tulsa,-3.5,Rhode Island Wins By 3.9,57.32%,-115,,,,,,Rhode Island -3.5,4.1%,2.1%,,71-77,0.0,
528,11/20/2021,Buffalo,Rider,-16.0,Buffalo Wins By 11.3,50.35%,-105,,,,,,Rider +16.0,-0.%,-0.%,,87-65,0.0,
529,11/20/2021,VCU,Chattanooga,-4.5,VCU Wins By 4.8,57.32%,-105,,,,,,VCU -4.5,6.3%,3.1%,,54-56,0.0,
530,11/20/2021,Colorado,Duquesne,-10.0,Colorado Wins By 9.9,57.32%,-105,,,,,,Duquesne +10.0,6.3%,3.1%,,84-76,1.0,
531,11/20/2021,Wake Forest,North Carolina A&T,-15.0,Wake Forest Wins By 14.5,57.32%,-110,,,,,,North Carolina A&T +15.0,5.2%,2.6%,,87-63,0.0,
532,11/20/2021,Liberty,Manhattan,-13.0,Liberty Wins By 9.0,57.32%,-105,,,,,,Manhattan +13.0,6.3%,3.1%,,60-76,1.0,
533,11/20/2021,Vanderbilt,Winthrop,-8.5,Vanderbilt Wins By 8.6,57.32%,-105,,,,,,Vanderbilt -8.5,6.3%,3.1%,,77-63,1.0,
534,11/20/2021,Saint Louis,Mercer,-10.0,Saint Louis Wins By 10.3,57.32%,-110,,,,,,Saint Louis -10.0,5.2%,2.6%,,75-58,1.0,
535,11/20/2021,Utah,Boston College,-7.5,Utah Wins By 2.2,57.32%,-110,,,,,,Boston College +7.5,5.2%,2.6%,,68-61,1.0,
536,11/20/2021,Iona,North Alabama,-13.5,Iona Wins By 12.5,57.32%,-110,,,,,,North Alabama +13.5,5.2%,2.6%,,81-65,0.0,
537,11/20/2021,UC Irvine,Pepperdine,-10.5,UC Irvine Wins By 7.7,55.25%,-110,,,,,,Pepperdine +10.5,3.0%,1.5%,,82-48,0.0,
538,11/20/2021,Georgia State,William & Mary,-14.0,Georgia State Wins By 13.3,57.32%,-105,,,,,,William & Mary +14.0,6.3%,3.1%,,77-59,0.0,
539,11/20/2021,Eastern Kentucky,Albany,-11.0,Eastern Kentucky Wins By 11.9,51.42%,-115,,,,,,Eastern Kentucky -11.0,-2.%,-1.%,,77-64,1.0,
540,11/20/2021,Texas State,Eastern Washington,-7.5,Texas State Wins By 8.4,55.25%,-110,,,,,,Texas State -7.5,3.0%,1.5%,,81-74,0.0,
541,11/20/2021,Cleveland State,Canisius,-7.5,Cleveland State Wins By 8.2,55.25%,-110,,,,,,Cleveland State -7.5,3.0%,1.5%,,80-70,1.0,
542,11/20/2021,Dayton,Austin Peay,-13.5,Dayton Wins By 8.2,55.25%,-110,,,,,,Austin Peay +13.5,3.0%,1.5%,,81-87,1.0,
543,11/20/2021,Navy,Radford,-6.5,Navy Wins By 6.9,55.25%,-120,,,,,,Navy -6.5,0.8%,0.4%,,47-33,1.0,
544,11/20/2021,Longwood,UMBC,-2.5,Longwood Wins By 6.1,51.42%,-115,,,,,,Longwood -2.5,-2.%,-1.%,,82-55,1.0,
545,11/20/2021,Bryant,Bethune Cookman,-17.5,Bryant Wins By 12.8,57.32%,-115,,,,,,Bethune Cookman +17.5,4.1%,2.1%,,75-81,1.0,
546,11/20/2021,Florida Atlantic,North Dakota,-9.0,Florida Atlantic Wins By 8.1,51.42%,-110,,,,,,North Dakota +9.0,-1.%,-0.%,,98-79,0.0,
547,11/20/2021,Montana,Nebraska Omaha,-12.5,Montana Wins By 12.4,57.32%,100,,,,,,Nebraska Omaha +12.5,7.3%,3.6%,,68-47,0.0,
548,11/20/2021,New Mexico,Montana State,-2.0,New Mexico Wins By 3.7,57.32%,-115,,,,,,New Mexico -2.0,4.1%,2.1%,,81-78,1.0,
549,11/20/2021,Georgia Southern,Hampton,-9.5,Georgia Southern Wins By 8.8,57.32%,-105,,,,,,Hampton +9.5,6.3%,3.1%,,86-66,0.0,
550,11/20/2021,La Salle,Army,-4.5,La Salle Wins By 5.6,57.32%,-120,,,,,,La Salle -4.5,3.1%,1.5%,,61-58,0.0,
551,11/20/2021,Troy,Tennessee Martin,-8.0,Troy Wins By 11.3,57.32%,-110,,,,,,Troy -8.0,5.2%,2.6%,,80-67,1.0,
552,11/20/2021,Quinnipiac,Central Connecticut,-13.0,Quinnipiac Wins By 11.9,51.42%,-110,,,,,,Central Connecticut +13.0,-1.%,-0.%,,76-65,1.0,
553,11/20/2021,Niagara,St. Thomas,-8.0,Niagara Wins By 4.9,57.32%,-110,,,,,,St. Thomas +8.0,5.2%,2.6%,,67-76,1.0,
554,11/20/2021,UC San Diego,Sacramento State,-4.5,UC San Diego Wins By 2.7,57.32%,-105,,,,,,Sacramento State +4.5,6.3%,3.1%,,71-56,0.0,
555,11/20/2021,Fairfield,Sacred Heart,-2.0,Sacred Heart Wins By 0.7,51.42%,-110,,,,,,Sacred Heart +2.0,-1.%,-0.%,,71-61,0.0,
556,11/20/2021,High Point,Howard,-4.0,Howard Wins By 4.3,57.32%,-110,,,,,,Howard +4.0,5.2%,2.6%,,73-63,0.0,
557,11/20/2021,Portland,Morgan State,-3.5,Portland Wins By 2.1,57.32%,-105,,,,,,Morgan State +3.5,6.3%,3.1%,,74-63,0.0,
558,11/20/2021,American,Western Carolina,-2.0,American Wins By 3.0,55.25%,-105,,,,,,American -2.0,4.1%,2.1%,,79-80,0.0,
559,11/20/2021,Air Force,Holy Cross,-5.5,Air Force Wins By 2.3,57.32%,100,,,,,,Holy Cross +5.5,7.3%,3.6%,,72-53,0.0,
560,11/20/2021,Alabama State,North Carolina Central,-2.0,Alabama State Wins By 1.6,57.32%,-105,,,,,,North Carolina Central +2.0,6.3%,3.1%,,80-74,0.0,
561,11/19/2021,Gonzaga,Bellarmine,-4.5,Gonzaga Wins By 28.8,50.35%,-110,,,,,,Gonzaga -4.5,-2.%,-1.%,,92-50,1.0,
562,11/19/2021,Memphis,Western Kentucky,-14.5,Memphis Wins By 20.8,57.32%,-110,,,,,,Memphis -14.5,5.2%,2.6%,,74-62,0.0,
563,11/19/2021,Michigan,UNLV,-12.5,Michigan Wins By 11.0,50.35%,-110,,,,,,UNLV +12.5,-2.%,-1.%,,74-61,0.0,
564,11/19/2021,Duke,Lafayette,-32.5,Duke Wins By 27.8,57.32%,-110,,,,,,Lafayette +32.5,5.2%,2.6%,,88-55,0.0,
565,11/19/2021,Arizona,Wichita State,-8.5,Arizona Wins By 6.7,57.32%,-110,,,,,,Wichita State +8.5,5.2%,2.6%,,82-78,1.0,
566,11/19/2021,Alabama,Oakland,-16.0,Alabama Wins By 16.8,57.32%,-105,,,,,,Alabama -16.0,6.3%,3.1%,,86-59,1.0,
567,11/19/2021,Kentucky,Ohio,-12.0,Kentucky Wins By 7.3,55.25%,-110,,,,,,Ohio +12.0,3.0%,1.5%,,77-59,0.0,
568,11/19/2021,Auburn,South Florida,-13.0,Auburn Wins By 16.7,57.32%,-110,,,,,,Auburn -13.0,5.2%,2.6%,,58-52,0.0,
569,11/19/2021,St. Bonaventure,Clemson,-3.0,St. Bonaventure Wins By 2.5,55.25%,-120,,,,,,Clemson +3.0,0.8%,0.4%,,68-65,1.0,
570,11/19/2021,Oklahoma,Indiana State,-12.0,Oklahoma Wins By 8.9,55.25%,-105,,,,,,Indiana State +12.0,4.1%,2.1%,,87-63,0.0,
571,11/19/2021,West Virginia,Marquette,-5.0,West Virginia Wins By 4.8,57.32%,-110,,,,,,Marquette +5.0,5.2%,2.6%,,71-82,1.0,
572,11/19/2021,Maryland,Hofstra,-11.0,Maryland Wins By 11.5,55.25%,-110,,,,,,Maryland -11.0,3.0%,1.5%,,69-67,0.0,
573,11/19/2021,Belmont,Kennesaw State,-16.0,Belmont Wins By 10.8,51.42%,-120,,,,,,Kennesaw State +16.0,-3.%,-1.%,,97-78,0.0,
574,11/19/2021,Georgia Tech,Georgia,-3.5,Georgia Tech Wins By 5.3,51.42%,-105,,,,,,Georgia Tech -3.5,0.2%,0.1%,,88-78,1.0,
575,11/19/2021,Santa Clara,Cal Poly,-15.5,Santa Clara Wins By 16.9,57.32%,-110,,,,,,Santa Clara -15.5,5.2%,2.6%,,87-57,1.0,
576,11/19/2021,George Mason,James Madison,-3.0,George Mason Wins By 3.4,57.32%,-110,,,,,,George Mason -3.0,5.2%,2.6%,,64-67,0.0,
577,11/19/2021,Creighton,Brown,-10.5,Creighton Wins By 9.4,57.32%,-115,,,,,,Brown +10.5,4.1%,2.1%,,78-57,0.0,
578,11/19/2021,Vermont,Yale,-5.0,Vermont Wins By 6.3,55.25%,-110,,,,,,Vermont -5.0,3.0%,1.5%,,61-53,1.0,
579,11/19/2021,Virginia,Coppin State,-25.0,Virginia Wins By 15.5,57.32%,-105,,,,,,Coppin State +25.0,6.3%,3.1%,,68-52,1.0,
580,11/19/2021,Nebraska,Idaho State,-12.0,Nebraska Wins By 11.9,57.32%,-105,,,,,,Idaho State +12.0,6.3%,3.1%,,78-60,0.0,
581,11/19/2021,San Diego,Cal St. Fullerton,-6.5,San Diego Wins By 8.1,55.25%,-110,,,,,,San Diego -6.5,3.0%,1.5%,,55-57,0.0,
582,11/19/2021,Furman,Radford,-15.5,Furman Wins By 13.0,57.32%,100,,,,,,Radford +15.5,7.3%,3.6%,,81-64,0.0,
583,11/19/2021,Louisiana Tech,Northwestern State,-15.0,Louisiana Tech Wins By 9.7,51.42%,-105,,,,,,Northwestern State +15.0,0.2%,0.1%,,83-64,0.0,
584,11/19/2021,Davidson,Penn,-8.0,Davidson Wins By 5.2,55.25%,-105,,,,,,Penn +8.0,4.1%,2.1%,,72-60,0.0,
585,11/19/2021,Weber State,Ball State,-10.0,Weber State Wins By 6.7,55.25%,-110,,,,,,Ball State +10.0,3.0%,1.5%,,85-74,0.0,
586,11/19/2021,Massachusetts,UNC Greensboro,-4.0,Massachusetts Wins By 4.0,55.25%,-115,,,,,,Massachusetts -4.0,1.9%,0.8%,,93-90,0.0,
587,11/19/2021,Duquesne,Northeastern,-1.0,Northeastern Wins By 4.1,57.32%,-110,,,,,,Northeastern +1.0,5.2%,2.6%,,55-71,1.0,
588,11/19/2021,Texas State,Dixie State,-8.0,Texas State Wins By 5.9,57.32%,-110,,,,,,Dixie State +8.0,5.2%,2.6%,,85-65,0.0,
589,11/19/2021,Georgetown,Siena,-15.5,Georgetown Wins By 9.5,57.32%,-115,,,,,,Siena +15.5,4.1%,2.1%,,83-65,0.0,
590,11/19/2021,East Carolina,Old Dominion,-2.0,East Carolina Wins By 2.0,55.25%,-115,,,,,,East Carolina -2.0,1.9%,0.8%,,73-60,1.0,
591,11/19/2021,Rice,New Orleans,-7.0,Rice Wins By 2.5,51.42%,-105,,,,,,New Orleans +7.0,0.2%,0.1%,,83-78,1.0,
592,11/19/2021,Merrimack,Lehigh,-6.5,Merrimack Wins By 6.5,57.32%,-105,,,,,,Merrimack -6.5,6.3%,3.1%,,55-45,1.0,
593,11/19/2021,South Dakota,Southern,-6.5,South Dakota Wins By 6.7,57.32%,100,,,,,,South Dakota -6.5,7.3%,3.6%,,71-68,0.0,
594,11/19/2021,Troy,North Dakota,-4.0,Troy Wins By 6.1,57.32%,-115,,,,,,Troy -4.0,4.1%,2.1%,,72-74,0.0,
595,11/19/2021,Pittsburgh,Towson,-6.0,Pittsburgh Wins By 3.5,57.32%,-110,,,,,,Towson +6.0,5.2%,2.6%,,63-59,1.0,
596,11/19/2021,Bowling Green,Norfolk State,-8.0,Bowling Green Wins By 3.9,65.96%,-105,,,,,,Norfolk State +8.0,15.%,7.6%,,84-90,1.0,
597,11/19/2021,Fordham,Maryland Eastern Shore,-14.0,Fordham Wins By 16.5,51.42%,-105,,,,,,Fordham -14.0,0.2%,0.1%,,73-75,0.0,
598,11/19/2021,Stetson,Lamar,-1.0,Stetson Wins By 1.4,51.42%,-115,,,,,,Stetson -1.0,-2.%,-1.%,,60-59,1.0,
599,11/19/2021,Robert Morris,Mount St. Mary's,-4.5,Robert Morris Wins By 4.0,51.42%,-115,,,,,,Mount St. Mary's +4.5,-2.%,-1.%,,70-74,1.0,
600,11/19/2021,FIU,Green Bay,-4.5,FIU Wins By 4.2,57.32%,-110,,,,,,Green Bay +4.5,5.2%,2.6%,,63-60,1.0,
601,11/19/2021,George Washington,UMass Lowell,-4.5,George Washington Wins By 1.4,51.42%,-110,,,,,,UMass Lowell +4.5,-1.%,-0.%,,56-67,1.0,
602,11/19/2021,Eastern Washington,Cal St. Northridge,-1.5,Cal St. Northridge Wins By 2.1,51.42%,-110,,,,,,Cal St. Northridge +1.5,-1.%,-0.%,,67-64,0.0,
603,11/19/2021,Youngstown State,St. Thomas,-10.5,St. Thomas Wins By 1.9,57.32%,-110,,,,,,St. Thomas +10.5,5.2%,2.6%,,79-75,1.0,
604,11/17/2021,UCLA,North Florida,-25.0,UCLA Wins By 27.2,57.32%,-115,,,,,,UCLA -25.0,4.1%,2.1%,,98-63,1.0,
605,11/17/2021,Texas,Northern Colorado,-22.0,Texas Wins By 18.3,57.32%,-110,,,,,,Northern Colorado +22.0,5.2%,2.6%,,62-49,1.0,
606,11/17/2021,Baylor,Central Arkansas,-34.5,Baylor Wins By 30.0,57.32%,-110,,,,,,Central Arkansas +34.5,5.2%,2.6%,,92-47,0.0,
607,11/17/2021,Connecticut,LIU Brooklyn,-28.0,Connecticut Wins By 26.5,57.32%,-110,,,,,,LIU Brooklyn +28.0,5.2%,2.6%,,93-40,0.0,
608,11/17/2021,Michigan State,Butler,-3.0,Michigan State Wins By 2.8,50.35%,-105,,,,,,Butler +3.0,6.3%,3.1%,,73-52,0.0,
609,11/17/2021,Indiana,St. John's,-4.5,Indiana Wins By 6.5,57.32%,-115,,,,,,Indiana -4.5,4.1%,2.1%,,76-74,0.0,
610,11/17/2021,Florida State,Tulane,-16.5,Florida State Wins By 12.6,57.32%,-110,,,,,,Tulane +16.5,5.2%,2.6%,,59-54,1.0,
611,11/17/2021,Oklahoma State,North Carolina State,-3.5,Oklahoma State Wins By 4.9,55.25%,-110,,,,,,Oklahoma State -3.5,5.2%,2.6%,,74-68,1.0,
612,11/17/2021,Maryland,George Mason,-9.5,Maryland Wins By 8.6,57.32%,-115,,,,,,George Mason +9.5,4.1%,2.1%,,66-71,1.0,
613,11/17/2021,Mississippi State,Detroit,-15.5,Mississippi State Wins By 20.1,57.32%,-110,,,,,,Mississippi State -15.5,5.2%,2.6%,,77-64,0.0,
614,11/17/2021,Saint Mary's,Bellarmine,-16.0,Saint Mary's Wins By 16.2,57.32%,-110,,,,,,Saint Mary's -16.0,5.2%,2.6%,,73-64,0.0,
615,11/17/2021,Arkansas,Northern Iowa,-12.5,Arkansas Wins By 10.7,57.32%,-105,,,,,,Northern Iowa +12.5,6.3%,3.1%,,93-80,0.0,
616,11/17/2021,Vanderbilt,VCU,-5.0,Vanderbilt Wins By 7.5,57.32%,-105,,,,,,Vanderbilt -5.0,6.3%,3.1%,,37-48,0.0,
617,11/17/2021,Rhode Island,Boston College,-5.5,Rhode Island Wins By 4.9,55.25%,-110,,,,,,Boston College +5.5,5.2%,2.6%,,57-49,0.0,
618,11/17/2021,Stanford,Valparaiso,-13.5,Stanford Wins By 8.9,55.25%,-110,,,,,,Valparaiso +13.5,5.2%,2.6%,,74-60,0.0,
619,11/17/2021,Grand Canyon,Prairie View A&M,-12.5,Grand Canyon Wins By 12.5,57.32%,-110,,,,,,Grand Canyon -12.5,5.2%,2.6%,,91-64,1.0,
620,11/17/2021,San Diego,UC Riverside,-3.5,San Diego Wins By 2.1,55.25%,-110,,,,,,UC Riverside +3.5,5.2%,2.6%,,74-62,0.0,
621,11/17/2021,Dayton,Lipscomb,-10.0,Dayton Wins By 6.8,55.25%,-110,,,,,,Lipscomb +10.0,5.2%,2.6%,,59-78,1.0,
622,11/17/2021,Merrimack,Army,-1.5,Merrimack Wins By 4.9,57.32%,-110,,,,,,Merrimack -1.5,5.2%,2.6%,,51-74,0.0,
623,11/17/2021,Delaware,La Salle,-7.0,Delaware Wins By 6.6,51.42%,-110,,,,,,La Salle +7.0,5.2%,2.6%,,85-82,1.0,
624,11/17/2021,Wagner,Saint Peter's,-3.5,Wagner Wins By 4.6,57.32%,-105,,,,,,Wagner -3.5,6.3%,3.1%,,,,
625,11/17/2021,Princeton,Marist,-7.0,Princeton Wins By 2.5,51.42%,-110,,,,,,Marist +7.0,5.2%,2.6%,,80-61,0.0,
626,11/17/2021,Pepperdine,UC Davis,-1.0,Pepperdine Wins By 2.5,51.42%,-105,,,,,,Pepperdine -1.0,6.3%,3.1%,,72-67,1.0,
627,11/17/2021,Rider,Bucknell,-2.0,Rider Wins By 3.0,51.42%,100,,,,,,Rider -2.0,7.3%,3.6%,,74-81,0.0,
628,11/17/2021,Texas Southern,Air Force,-3.5,Texas Southern Wins By 3.7,57.32%,-105,,,,,,Texas Southern -3.5,6.3%,3.1%,,57-61,0.0,
629,11/17/2021,UTSA,IUPUI,-9.5,UTSA Wins By 10.5,51.42%,-110,,,,,,UTSA -9.5,5.2%,2.6%,,60-57,0.0,
630,11/17/2021,UMass Lowell,Central Connecticut,-8.5,UMass Lowell Wins By 6.4,57.32%,-105,,,,,,Central Connecticut +8.5,6.3%,3.1%,,77-53,0.0,
631,11/17/2021,Long Beach State,Utah Valley,-3.0,Long Beach State Wins By 1.8,57.32%,-110,,,,,,Utah Valley +3.0,5.2%,2.6%,,78-84,1.0,
632,11/17/2021,Binghamton,Columbia,-2.5,Binghamton Wins By 2.2,51.42%,-110,,,,,,Columbia +2.5,5.2%,2.6%,,77-85,1.0,
633,11/17/2021,Texas A&M Corpus Chris,Denver,-2.5,Denver Wins By 1.9,65.96%,-105,,,,,,Denver +2.5,6.3%,3.1%,,69-67,1.0,
634,11/17/2021,UCLA,North Florida,-25.0,UCLA Wins By 27.2,57.32%,-115,,,,,,UCLA -25.0,4.1%,2.1%,,98-63,1.0,
635,11/17/2021,Texas,Northern Colorado,-22.0,Texas Wins By 18.3,57.32%,-110,,,,,,Northern Colorado +22.0,5.2%,2.6%,,62-49,1.0,
636,11/17/2021,Baylor,Central Arkansas,-34.5,Baylor Wins By 30.0,57.32%,-110,,,,,,Central Arkansas +34.5,5.2%,2.6%,,92-47,0.0,
637,11/17/2021,Connecticut,LIU Brooklyn,-28.0,Connecticut Wins By 26.5,57.32%,-110,,,,,,LIU Brooklyn +28.0,5.2%,2.6%,,93-40,0.0,
638,11/17/2021,Michigan State,Butler,-3.0,Michigan State Wins By 2.8,50.35%,-105,,,,,,Butler +3.0,6.3%,3.1%,,73-52,0.0,
639,11/17/2021,Indiana,St. John's,-4.5,Indiana Wins By 6.5,57.32%,-115,,,,,,Indiana -4.5,4.1%,2.1%,,76-74,0.0,
640,11/17/2021,Florida State,Tulane,-16.5,Florida State Wins By 12.6,57.32%,-110,,,,,,Tulane +16.5,5.2%,2.6%,,59-54,1.0,
641,11/17/2021,Oklahoma State,North Carolina State,-3.5,Oklahoma State Wins By 4.9,55.25%,-110,,,,,,Oklahoma State -3.5,5.2%,2.6%,,74-68,1.0,
642,11/17/2021,Maryland,George Mason,-9.5,Maryland Wins By 8.6,57.32%,-115,,,,,,George Mason +9.5,4.1%,2.1%,,66-71,1.0,
643,11/17/2021,Mississippi State,Detroit,-15.5,Mississippi State Wins By 20.1,57.32%,-110,,,,,,Mississippi State -15.5,5.2%,2.6%,,77-64,0.0,
644,11/17/2021,Saint Mary's,Bellarmine,-16.0,Saint Mary's Wins By 16.2,57.32%,-110,,,,,,Saint Mary's -16.0,5.2%,2.6%,,73-64,0.0,
645,11/17/2021,Arkansas,Northern Iowa,-12.5,Arkansas Wins By 10.7,57.32%,-105,,,,,,Northern Iowa +12.5,6.3%,3.1%,,93-80,0.0,
646,11/17/2021,Vanderbilt,VCU,-5.0,Vanderbilt Wins By 7.5,57.32%,-105,,,,,,Vanderbilt -5.0,6.3%,3.1%,,37-48,0.0,
647,11/17/2021,Rhode Island,Boston College,-5.5,Rhode Island Wins By 4.9,55.25%,-110,,,,,,Boston College +5.5,5.2%,2.6%,,57-49,0.0,
648,11/17/2021,Stanford,Valparaiso,-13.5,Stanford Wins By 8.9,55.25%,-110,,,,,,Valparaiso +13.5,5.2%,2.6%,,74-60,0.0,
649,11/17/2021,Grand Canyon,Prairie View A&M,-12.5,Grand Canyon Wins By 12.5,57.32%,-110,,,,,,Grand Canyon -12.5,5.2%,2.6%,,91-64,1.0,
650,11/17/2021,San Diego,UC Riverside,-3.5,San Diego Wins By 2.1,55.25%,-110,,,,,,UC Riverside +3.5,5.2%,2.6%,,74-62,0.0,
651,11/17/2021,Dayton,Lipscomb,-10.0,Dayton Wins By 6.8,55.25%,-110,,,,,,Lipscomb +10.0,5.2%,2.6%,,59-78,1.0,
652,11/17/2021,Merrimack,Army,-1.5,Merrimack Wins By 4.9,57.32%,-110,,,,,,Merrimack -1.5,5.2%,2.6%,,51-74,0.0,
653,11/17/2021,Delaware,La Salle,-7.0,Delaware Wins By 6.6,51.42%,-110,,,,,,La Salle +7.0,5.2%,2.6%,,85-82,1.0,
654,11/17/2021,Wagner,Saint Peter's,-3.5,Wagner Wins By 4.6,57.32%,-105,,,,,,Wagner -3.5,6.3%,3.1%,,,,
655,11/17/2021,Princeton,Marist,-7.0,Princeton Wins By 2.5,51.42%,-110,,,,,,Marist +7.0,5.2%,2.6%,,80-61,0.0,
656,11/17/2021,Pepperdine,UC Davis,-1.0,Pepperdine Wins By 2.5,51.42%,-105,,,,,,Pepperdine -1.0,6.3%,3.1%,,72-67,1.0,
657,11/17/2021,Rider,Bucknell,-2.0,Rider Wins By 3.0,51.42%,100,,,,,,Rider -2.0,7.3%,3.6%,,74-81,0.0,
658,11/17/2021,Texas Southern,Air Force,-3.5,Texas Southern Wins By 3.7,57.32%,-105,,,,,,Texas Southern -3.5,6.3%,3.1%,,57-61,0.0,
659,11/17/2021,UTSA,IUPUI,-9.5,UTSA Wins By 10.5,51.42%,-110,,,,,,UTSA -9.5,5.2%,2.6%,,60-57,0.0,
660,11/17/2021,UMass Lowell,Central Connecticut,-8.5,UMass Lowell Wins By 6.4,57.32%,-105,,,,,,Central Connecticut +8.5,6.3%,3.1%,,77-53,0.0,
661,11/17/2021,Long Beach State,Utah Valley,-3.0,Long Beach State Wins By 1.8,57.32%,-110,,,,,,Utah Valley +3.0,5.2%,2.6%,,78-84,1.0,
662,11/17/2021,Binghamton,Columbia,-2.5,Binghamton Wins By 2.2,51.42%,-110,,,,,,Columbia +2.5,5.2%,2.6%,,77-85,1.0,
663,11/17/2021,Texas A&M Corpus Chris,Denver,-2.5,Denver Wins By 1.9,65.96%,-105,,,,,,Denver +2.5,6.3%,3.1%,,69-67,1.0,
